7777, 3, 2119-03-06T22:08:28.097832, 2, 2119-02-05T22:08:28.097832, 82
7777, 3, 2119-03-06T22:08:28.097832, 2, 2119-02-05T22:08:28.097832, 82
7777, 3, 2119-03-06T22:08:28.097832, 2, 2119-02-05T22:08:28.097832, 82
7777, 3, 2119-03-06T22:08:28.097832, 2, 2119-02-05T22:08:28.097832, 82
7777, 3, 2119-03-06T22:08:28.097832, 2, 2119-02-05T22:08:28.097832, 82
7777, 3, 2119-03-06T22:08:28.097832, 2, 2119-02-05T22:08:28.097832, 82
7777, 3, 2119-03-06T22:08:28.097832, 2, 2119-02-05T22:08:28.097832, 82
7777, 3, 2119-03-06T22:08:28.097832, 2, 2119-02-05T22:08:28.097832, 82
7777, 3, 2119-03-06T22:08:28.097832, 2, 2119-02-05T22:08:28.097832, 82
7777, 3, 2119-03-06T22:08:28.097832, 2, 2119-02-05T22:08:28.097832, 82
7777, 3, 2119-03-06T22:08:28.097832, 2, 2119-02-05T22:08:28.097832, 82
7777, 3, 2119-03-06T22:08:28.097832, 2, 2119-02-05T22:08:28.097832, 82
7777, 3, 2119-03-06T22:08:28.097832, 2, 2119-02-05T22:08:28.097832, 82
7777, 3, 2119-03-06T22:08:28.097832, 2, 2119-02-05T22:08:28.097832, 82
7777, 3, 2119-03-06T22:08:28.097832, 2, 2119-02-05T22:08:28.097832, 82
7777, 3, 2119-03-06T22:08:28.097832, 2, 2119-02-05T22:08:28.097832, 82
7777, 3, 2119-03-06T22:08:28.097832, 2, 2119-02-05T22:08:28.097832, 82
7777, 3, 2119-03-06T22:08:28.097832, 2, 2119-02-05T22:08:28.097832, 82
7777, 3, 2119-03-06T22:08:28.097832, 2, 2119-02-05T22:08:28.097832, 82
7777, 3, 2119-03-06T22:08:28.097832, 2, 2119-02-05T22:08:28.097832, 82
7777, 3, 2119-03-06T22:08:28.097832, 2, 2119-02-05T22:08:28.097832, 82
7777, 3, 2119-03-06T22:08:28.097832, 2, 2119-02-05T22:08:28.097832, 82
7777, 3, 2119-03-06T22:08:28.097832, 2, 2119-02-05T22:08:28.097832, 82
7777, 3, 2119-03-06T22:08:28.097832, 2, 2119-02-05T22:08:28.097832, 82
7777, 3, 2119-03-06T22:08:28.097832, 2, 2119-02-05T22:08:28.097832, 82
7777, 3, 2119-03-06T22:08:28.097832, 2, 2119-02-05T22:08:28.097832, 82
7777, 3, 2119-03-06T22:08:28.097832, 2, 2119-02-05T22:08:28.097832, 82
7777, 3, 2119-03-06T22:08:28.097832, 2, 2119-02-05T22:08:28.097832, 82
7777, 3, 2119-03-06T22:08:28.097832, 2, 2119-02-05T22:08:28.097832, 82
7777, 3, 2119-03-06T22:08:28.097832, 2, 2119-02-05T22:08:28.097832, 82
7777, 3, 2119-03-06T22:08:28.097832, 2, 2119-02-05T22:08:28.097832, 82
7777, 3, 2119-03-06T22:08:28.097832, 2, 2119-02-05T22:08:28.097832, 82
7777, 3, 2119-03-06T22:08:28.097832, 2, 2119-02-05T22:08:28.097832, 82
7777, 3, 2119-03-06T22:08:28.097832, 2, 2119-02-05T22:08:28.097832, 82
7777, 3, 2119-03-06T22:08:28.097832, 2, 2119-02-05T22:08:28.097832, 82
7777, 3, 2119-03-06T22:08:28.097832, 2, 2119-02-05T22:08:28.097832, 82
7777, 3, 2119-03-06T22:08:28.097832, 2, 2119-02-05T22:08:28.097832, 82
7777, 3, 2119-03-06T22:08:28.097832, 2, 2119-02-05T22:08:28.097832, 82
7777, 3, 2119-03-06T22:08:28.097832, 2, 2119-02-05T22:08:28.097832, 82
7777, 3, 2119-03-06T22:08:28.097832, 2, 2119-02-05T22:08:28.097832, 82
7777, 3, 2119-03-06T22:08:28.097832, 2, 2119-02-05T22:08:28.097832, 82
7777, 3, 2119-03-06T22:08:28.097832, 2, 2119-02-05T22:08:28.097832, 82
7777, 3, 2119-03-06T22:08:28.097832, 2, 2119-02-05T22:08:28.097832, 82
7777, 3, 2119-03-06T22:08:28.097832, 2, 2119-02-05T22:08:28.097832, 82
7777, 3, 2119-03-06T22:08:28.097832, 2, 2119-02-05T22:08:28.097832, 82
7777, 3, 2119-03-06T22:08:28.097832, 2, 2119-02-05T22:08:28.097832, 82
7777, 3, 2119-03-06T22:08:28.097832, 2, 2119-02-05T22:08:28.097832, 82
7777, 3, 2119-03-06T22:08:28.097832, 2, 2119-02-05T22:08:28.097832, 82
7777, 3, 2119-03-06T22:08:28.097832, 2, 2119-02-05T22:08:28.097832, 82
7777, 3, 2119-03-06T22:08:28.097832, 2, 2119-02-05T22:08:28.097832, 82
7777, 3, 2119-03-06T22:08:28.097832, 2, 2119-02-05T22:08:28.097832, 82
7777, 3, 2119-03-06T22:08:28.097832, 2, 2119-02-05T22:08:28.097832, 82
7777, 3, 2119-03-06T22:08:28.097832, 2, 2119-02-05T22:08:28.097832, 82
7777, 3, 2119-03-06T22:08:28.097832, 2, 2119-02-05T22:08:28.097832, 82
7777, 3, 2119-03-06T22:08:28.097832, 2, 2119-02-05T22:08:28.097832, 82
7777, 3, 2119-03-06T22:08:28.097832, 2, 2119-02-05T22:08:28.097832, 82
7777, 3, 2119-03-06T22:08:28.097832, 2, 2119-02-05T22:08:28.097832, 82
7777, 3, 2119-03-06T22:08:28.097832, 2, 2119-02-05T22:08:28.097832, 82
7777, 3, 2119-03-06T22:08:28.097832, 2, 2119-02-05T22:08:28.097832, 82
7777, 3, 2119-03-06T22:08:28.097832, 2, 2119-02-05T22:08:28.097832, 82
7777, 3, 2119-03-06T22:08:28.097832, 2, 2119-02-05T22:08:28.097832, 82
7777, 3, 2119-03-06T22:08:28.097832, 2, 2119-02-05T22:08:28.097832, 82
7777, 3, 2119-03-06T22:08:28.097832, 2, 2119-02-05T22:08:28.097832, 82
7777, 3, 2119-03-06T22:08:28.097832, 2, 2119-02-05T22:08:28.097832, 82
7777, 3, 2119-03-06T22:08:28.097832, 2, 2119-02-05T22:08:28.097832, 82
7777, 3, 2119-03-06T22:08:28.097832, 2, 2119-02-05T22:08:28.097832, 82
7777, 3, 2119-03-06T22:08:28.097832, 2, 2119-02-05T22:08:28.097832, 82
7777, 3, 2119-03-06T22:08:28.097832, 2, 2119-02-05T22:08:28.097832, 82
7777, 3, 2119-03-06T22:08:28.097832, 2, 2119-02-05T22:08:28.097832, 82
7777, 3, 2119-03-06T22:08:28.097832, 2, 2119-02-05T22:08:28.097832, 82
7777, 3, 2119-03-06T22:08:28.097832, 2, 2119-02-05T22:08:28.097832, 82
7777, 3, 2119-03-06T22:08:28.097832, 2, 2119-02-05T22:08:28.097832, 82
7777, 3, 2119-03-06T22:08:28.097832, 2, 2119-02-05T22:08:28.097832, 82
7777, 3, 2119-03-06T22:08:28.097832, 2, 2119-02-05T22:08:28.097832, 82
7777, 3, 2119-03-06T22:08:28.097832, 2, 2119-02-05T22:08:28.097832, 82
7777, 3, 2119-03-06T22:08:28.097832, 2, 2119-02-05T22:08:28.097832, 82
7777, 3, 2119-03-06T22:08:28.097832, 2, 2119-02-05T22:08:28.097832, 82
7777, 3, 2119-03-06T22:08:28.097832, 2, 2119-02-05T22:08:28.097832, 82
7777, 3, 2119-03-06T22:08:28.097832, 2, 2119-02-05T22:08:28.097832, 82
7777, 3, 2119-03-06T22:08:28.097832, 2, 2119-02-05T22:08:28.097832, 82
7777, 3, 2119-03-06T22:08:28.097832, 2, 2119-02-05T22:08:28.097832, 82
7777, 3, 2119-03-06T22:08:28.097832, 2, 2119-02-05T22:08:28.097832, 82
7777, 3, 2119-03-06T22:08:28.097832, 2, 2119-02-05T22:08:28.097832, 82
7777, 3, 2119-03-06T22:08:28.097832, 2, 2119-02-05T22:08:28.097832, 82
7777, 3, 2119-03-06T22:08:28.097832, 2, 2119-02-05T22:08:28.097832, 82
7777, 3, 2119-03-06T22:08:28.097832, 2, 2119-02-05T22:08:28.097832, 82
7777, 3, 2119-03-06T22:08:28.097832, 2, 2119-02-05T22:08:28.097832, 82
7777, 3, 2119-03-06T22:08:28.097832, 2, 2119-02-05T22:08:28.097832, 82
7777, 3, 2119-03-06T22:08:28.097832, 2, 2119-02-05T22:08:28.097832, 82
7777, 3, 2119-03-06T22:08:28.097832, 2, 2119-02-05T22:08:28.097832, 82
7777, 3, 2119-03-06T22:08:28.097832, 2, 2119-02-05T22:08:28.097832, 82
7777, 3, 2119-03-06T22:08:28.097832, 2, 2119-02-05T22:08:28.097832, 82
7777, 3, 2119-03-06T22:08:28.097832, 2, 2119-02-05T22:08:28.097832, 82
7777, 3, 2119-03-06T22:08:28.097832, 2, 2119-02-05T22:08:28.097832, 82
7777, 3, 2119-03-06T22:08:28.097832, 2, 2119-02-05T22:08:28.097832, 82
7777, 3, 2119-03-06T22:08:28.097832, 2, 2119-02-05T22:08:28.097832, 82
7777, 3, 2119-03-06T22:08:28.097832, 2, 2119-02-05T22:08:28.097832, 82
7777, 3, 2119-03-06T22:08:28.097832, 2, 2119-02-05T22:08:28.097832, 82
7777, 3, 2119-03-06T22:08:28.097832, 2, 2119-02-05T22:08:28.097832, 82
7777, 3, 2119-03-06T22:08:28.097832, 2, 2119-02-05T22:08:28.097832, 82
7777, 3, 2119-03-06T22:08:28.097832, 2, 2119-02-05T22:08:28.097832, 82
7777, 3, 2119-03-06T22:08:28.097832, 2, 2119-02-05T22:08:28.097832, 82
7777, 3, 2119-03-06T22:08:28.097832, 2, 2119-02-05T22:08:28.097832, 82
7777, 3, 2119-03-06T22:08:28.097832, 2, 2119-02-05T22:08:28.097832, 82
7777, 3, 2119-03-06T22:08:28.097832, 2, 2119-02-05T22:08:28.097832, 82
7777, 3, 2119-03-06T22:08:28.097832, 2, 2119-02-05T22:08:28.097832, 82
7777, 3, 2119-03-06T22:08:28.097832, 2, 2119-02-05T22:08:28.097832, 82
7777, 3, 2119-03-06T22:08:28.097832, 2, 2119-02-05T22:08:28.097832, 82
7777, 3, 2119-03-06T22:08:28.097832, 2, 2119-02-05T22:08:28.097832, 82
7777, 3, 2119-03-06T22:08:28.097832, 2, 2119-02-05T22:08:28.097832, 82
7777, 3, 2119-03-06T22:08:28.097832, 2, 2119-02-05T22:08:28.097832, 82
7777, 3, 2119-03-06T22:08:28.097832, 2, 2119-02-05T22:08:28.097832, 82
7777, 3, 2119-03-06T22:08:28.097832, 2, 2119-02-05T22:08:28.097832, 82
7777, 3, 2119-03-06T22:08:28.097832, 2, 2119-02-05T22:08:28.097832, 82
7777, 3, 2119-03-06T22:08:28.097832, 2, 2119-02-05T22:08:28.097832, 82
7777, 3, 2119-03-06T22:08:28.097832, 2, 2119-02-05T22:08:28.097832, 82
7777, 3, 2119-03-06T22:08:28.097832, 2, 2119-02-05T22:08:28.097832, 82
7777, 3, 2119-03-06T22:08:28.097832, 2, 2119-02-05T22:08:28.097832, 82
7777, 3, 2119-03-06T22:08:28.097832, 2, 2119-02-05T22:08:28.097832, 82
7777, 3, 2119-03-06T22:08:28.097832, 2, 2119-02-05T22:08:28.097832, 82
7777, 3, 2119-03-06T22:08:28.097832, 2, 2119-02-05T22:08:28.097832, 82
7777, 3, 2119-03-06T22:08:28.097832, 2, 2119-02-05T22:08:28.097832, 82
7777, 3, 2119-03-06T22:08:28.097832, 2, 2119-02-05T22:08:28.097832, 82
7777, 3, 2119-03-06T22:08:28.097832, 2, 2119-02-05T22:08:28.097832, 82
7777, 3, 2119-03-06T22:08:28.097832, 2, 2119-02-05T22:08:28.097832, 82
7777, 3, 2119-03-06T22:08:28.097832, 2, 2119-02-05T22:08:28.097832, 82
7777, 3, 2119-03-06T22:08:28.097832, 2, 2119-02-05T22:08:28.097832, 82
7777, 3, 2119-03-06T22:08:28.097832, 2, 2119-02-05T22:08:28.097832, 82
7777, 3, 2119-03-06T22:08:28.097832, 2, 2119-02-05T22:08:28.097832, 82
7777, 3, 2119-03-06T22:08:28.097832, 2, 2119-02-05T22:08:28.097832, 82
7777, 3, 2119-03-06T22:08:28.097832, 2, 2119-02-05T22:08:28.097832, 82
7777, 3, 2119-03-06T22:08:28.097832, 2, 2119-02-05T22:08:28.097832, 82
7777, 3, 2119-03-06T22:08:28.097832, 2, 2119-02-05T22:08:28.097832, 82
7777, 3, 2119-03-06T22:08:28.097832, 2, 2119-02-05T22:08:28.097832, 82
7777, 3, 2119-03-06T22:08:28.097832, 2, 2119-02-05T22:08:28.097832, 82
7777, 3, 2119-03-06T22:08:28.097832, 2, 2119-02-05T22:08:28.097832, 82
7777, 3, 2119-03-06T22:08:28.097832, 2, 2119-02-05T22:08:28.097832, 82
7777, 3, 2119-03-06T22:08:28.097832, 2, 2119-02-05T22:08:28.097832, 82
7777, 3, 2119-03-06T22:08:28.097832, 2, 2119-02-05T22:08:28.097832, 82
7777, 3, 2119-03-06T22:08:28.097832, 2, 2119-02-05T22:08:28.097832, 82
7777, 3, 2119-03-06T22:08:28.097832, 2, 2119-02-05T22:08:28.097832, 82
7777, 3, 2119-03-06T22:08:28.097832, 2, 2119-02-05T22:08:28.097832, 82
7777, 3, 2119-03-06T22:08:28.097832, 2, 2119-02-05T22:08:28.097832, 82
7777, 3, 2119-03-06T22:08:28.097832, 2, 2119-02-05T22:08:28.097832, 82
7777, 3, 2119-03-06T22:08:28.097832, 2, 2119-02-05T22:08:28.097832, 82
7777, 3, 2119-03-06T22:08:28.097832, 2, 2119-02-05T22:08:28.097832, 82
7777, 3, 2119-03-06T22:08:28.097832, 2, 2119-02-05T22:08:28.097832, 82
7777, 3, 2119-03-06T22:08:28.097832, 2, 2119-02-05T22:08:28.097832, 82
7777, 3, 2119-03-06T22:08:28.097832, 2, 2119-02-05T22:08:28.097832, 82
7777, 3, 2119-03-06T22:08:28.097832, 2, 2119-02-05T22:08:28.097832, 82
7777, 3, 2119-03-06T22:08:28.097832, 2, 2119-02-05T22:08:28.097832, 82
7777, 3, 2119-03-06T22:08:28.097832, 2, 2119-02-05T22:08:28.097832, 82
7777, 3, 2119-03-06T22:08:28.097832, 2, 2119-02-05T22:08:28.097832, 82
7777, 3, 2119-03-06T22:08:28.097832, 2, 2119-02-05T22:08:28.097832, 82
7777, 3, 2119-03-06T22:08:28.097832, 2, 2119-02-05T22:08:28.097832, 82
7777, 3, 2119-03-06T22:08:28.097832, 2, 2119-02-05T22:08:28.097832, 82
7777, 3, 2119-03-06T22:08:28.097832, 2, 2119-02-05T22:08:28.097832, 82
7777, 3, 2119-03-06T22:08:28.097832, 2, 2119-02-05T22:08:28.097832, 82
7777, 3, 2119-03-06T22:08:28.097832, 2, 2119-02-05T22:08:28.097832, 82
7777, 3, 2119-03-06T22:08:28.097832, 2, 2119-02-05T22:08:28.097832, 82
7777, 3, 2119-03-06T22:08:28.097832, 2, 2119-02-05T22:08:28.097832, 82
7777, 3, 2119-03-06T22:08:28.097832, 2, 2119-02-05T22:08:28.097832, 82
7777, 3, 2119-03-06T22:08:28.097832, 2, 2119-02-05T22:08:28.097832, 82
7777, 3, 2119-03-06T22:08:28.097832, 2, 2119-02-05T22:08:28.097832, 82
7777, 3, 2119-03-06T22:08:28.097832, 2, 2119-02-05T22:08:28.097832, 82
7777, 3, 2119-03-06T22:08:28.097832, 2, 2119-02-05T22:08:28.097832, 82
7777, 3, 2119-03-06T22:08:28.097832, 2, 2119-02-05T22:08:28.097832, 82
7777, 3, 2119-03-06T22:08:28.097832, 2, 2119-02-05T22:08:28.097832, 82
7777, 3, 2119-03-06T22:08:28.097832, 2, 2119-02-05T22:08:28.097832, 82
7777, 3, 2119-03-06T22:08:28.097832, 2, 2119-02-05T22:08:28.097832, 82
7777, 3, 2119-03-06T22:08:28.097832, 2, 2119-02-05T22:08:28.097832, 82
7777, 3, 2119-03-06T22:08:28.097832, 2, 2119-02-05T22:08:28.097832, 82
7777, 3, 2119-03-06T22:08:28.097832, 2, 2119-02-05T22:08:28.097832, 82
7777, 3, 2119-03-06T22:08:28.097832, 2, 2119-02-05T22:08:28.097832, 82
7777, 3, 2119-03-06T22:08:28.097832, 2, 2119-02-05T22:08:28.097832, 82
7777, 3, 2119-03-06T22:08:28.097832, 2, 2119-02-05T22:08:28.097832, 82
7777, 3, 2119-03-06T22:08:28.097832, 2, 2119-02-05T22:08:28.097832, 82
7777, 3, 2119-03-06T22:08:28.097832, 2, 2119-02-05T22:08:28.097832, 82
7777, 3, 2119-03-06T22:08:28.097832, 2, 2119-02-05T22:08:28.097832, 82
7777, 3, 2119-03-06T22:08:28.097832, 2, 2119-02-05T22:08:28.097832, 82
7777, 3, 2119-03-06T22:08:28.097832, 2, 2119-02-05T22:08:28.097832, 82
7777, 3, 2119-03-06T22:08:28.097832, 2, 2119-02-05T22:08:28.097832, 82
7777, 3, 2119-03-06T22:08:28.097832, 2, 2119-02-05T22:08:28.097832, 82
7777, 3, 2119-03-06T22:08:28.097832, 2, 2119-02-05T22:08:28.097832, 82
7777, 3, 2119-03-06T22:08:28.097832, 2, 2119-02-05T22:08:28.097832, 82
7777, 3, 2119-03-06T22:08:28.097832, 2, 2119-02-05T22:08:28.097832, 82
7777, 3, 2119-03-06T22:08:28.097832, 2, 2119-02-05T22:08:28.097832, 82
7777, 3, 2119-03-06T22:08:28.097832, 2, 2119-02-05T22:08:28.097832, 82
7777, 3, 2119-03-06T22:08:28.097832, 2, 2119-02-05T22:08:28.097832, 82
7777, 3, 2119-03-06T22:08:28.097832, 2, 2119-02-05T22:08:28.097832, 82
7777, 3, 2119-03-06T22:08:28.097832, 2, 2119-02-05T22:08:28.097832, 82
7777, 3, 2119-03-06T22:08:28.097832, 2, 2119-02-05T22:08:28.097832, 82
7777, 3, 2119-03-06T22:08:28.097832, 2, 2119-02-05T22:08:28.097832, 82
7777, 3, 2119-03-06T22:08:28.097832, 2, 2119-02-05T22:08:28.097832, 82
7777, 3, 2119-03-06T22:08:28.097832, 2, 2119-02-05T22:08:28.097832, 82
7777, 3, 2119-03-06T22:08:28.097832, 2, 2119-02-05T22:08:28.097832, 82
7777, 3, 2119-03-06T22:08:28.097832, 2, 2119-02-05T22:08:28.097832, 82
7777, 3, 2119-03-06T22:08:28.097832, 2, 2119-02-05T22:08:28.097832, 82
7777, 3, 2119-03-06T22:08:28.097832, 2, 2119-02-05T22:08:28.097832, 82
7777, 3, 2119-03-06T22:08:28.097832, 2, 2119-02-05T22:08:28.097832, 82
7777, 3, 2119-03-06T22:08:28.097832, 2, 2119-02-05T22:08:28.097832, 82
7777, 3, 2119-03-06T22:08:28.097832, 2, 2119-02-05T22:08:28.097832, 82
7777, 3, 2119-03-06T22:08:28.097832, 2, 2119-02-05T22:08:28.097832, 82
7777, 3, 2119-03-06T22:08:28.097832, 2, 2119-02-05T22:08:28.097832, 82
7777, 3, 2119-03-06T22:08:28.097832, 2, 2119-02-05T22:08:28.097832, 82
7777, 3, 2119-03-06T22:08:28.097832, 2, 2119-02-05T22:08:28.097832, 82
7777, 3, 2119-03-06T22:08:28.097832, 2, 2119-02-05T22:08:28.097832, 82
7777, 3, 2119-03-06T22:08:28.097832, 2, 2119-02-05T22:08:28.097832, 82
7777, 3, 2119-03-06T22:08:28.097832, 2, 2119-02-05T22:08:28.097832, 82
7777, 3, 2119-03-06T22:08:28.097832, 2, 2119-02-05T22:08:28.097832, 82
7777, 3, 2119-03-06T22:08:28.097832, 2, 2119-02-05T22:08:28.097832, 82
7777, 3, 2119-03-06T22:08:28.097832, 2, 2119-02-05T22:08:28.097832, 82
7777, 3, 2119-03-06T22:08:28.097832, 2, 2119-02-05T22:08:28.097832, 82
7777, 3, 2119-03-06T22:08:28.097832, 2, 2119-02-05T22:08:28.097832, 82
7777, 3, 2119-03-06T22:08:28.097832, 2, 2119-02-05T22:08:28.097832, 82
7777, 3, 2119-03-06T22:08:28.097832, 2, 2119-02-05T22:08:28.097832, 82
7777, 3, 2119-03-06T22:08:28.097832, 2, 2119-02-05T22:08:28.097832, 82
7777, 3, 2119-03-06T22:08:28.097832, 2, 2119-02-05T22:08:28.097832, 82
7777, 3, 2119-03-06T22:08:28.097832, 2, 2119-02-05T22:08:28.097832, 82
7777, 3, 2119-03-06T22:08:28.097832, 2, 2119-02-05T22:08:28.097832, 82
7777, 3, 2119-03-06T22:08:28.097832, 2, 2119-02-05T22:08:28.097832, 82
7777, 3, 2119-03-06T22:08:28.097832, 2, 2119-02-05T22:08:28.097832, 82
7777, 3, 2119-03-06T22:08:28.097832, 2, 2119-02-05T22:08:28.097832, 82
7777, 3, 2119-03-06T22:08:28.097832, 2, 2119-02-05T22:08:28.097832, 82
7777, 3, 2119-03-06T22:08:28.097832, 2, 2119-02-05T22:08:28.097832, 82
7777, 3, 2119-03-06T22:08:28.097832, 2, 2119-02-05T22:08:28.097832, 82
7777, 3, 2119-03-06T22:08:28.097832, 2, 2119-02-05T22:08:28.097832, 82
7777, 3, 2119-03-06T22:08:28.097832, 2, 2119-02-05T22:08:28.097832, 82
7777, 3, 2119-03-06T22:08:28.097832, 2, 2119-02-05T22:08:28.097832, 82
7777, 3, 2119-03-06T22:08:28.097832, 2, 2119-02-05T22:08:28.097832, 82
7777, 3, 2119-03-06T22:08:28.097832, 2, 2119-02-05T22:08:28.097832, 82
7777, 3, 2119-03-06T22:08:28.097832, 2, 2119-02-05T22:08:28.097832, 82
7777, 3, 2119-03-06T22:08:28.097832, 2, 2119-02-05T22:08:28.097832, 82
7777, 3, 2119-03-06T22:08:28.097832, 2, 2119-02-05T22:08:28.097832, 82
7777, 3, 2119-03-06T22:08:28.097832, 2, 2119-02-05T22:08:28.097832, 82
7777, 3, 2119-03-06T22:08:28.097832, 2, 2119-02-05T22:08:28.097832, 82
7777, 3, 2119-03-06T22:08:28.097832, 2, 2119-02-05T22:08:28.097832, 82
7777, 3, 2119-03-06T22:08:28.097832, 2, 2119-02-05T22:08:28.097832, 82
7777, 3, 2119-03-06T22:08:28.097832, 2, 2119-02-05T22:08:28.097832, 82
7777, 3, 2119-03-06T22:08:28.097832, 2, 2119-02-05T22:08:28.097832, 82
7777, 3, 2119-03-06T22:08:28.097832, 2, 2119-02-05T22:08:28.097832, 82
7777, 3, 2119-03-06T22:08:28.097832, 2, 2119-02-05T22:08:28.097832, 82
7777, 3, 2119-03-06T22:08:28.097832, 2, 2119-02-05T22:08:28.097832, 82
7777, 3, 2119-03-06T22:08:28.097832, 2, 2119-02-05T22:08:28.097832, 82
7777, 3, 2119-03-06T22:08:28.097832, 2, 2119-02-05T22:08:28.097832, 82
7777, 3, 2119-03-06T22:08:28.097832, 2, 2119-02-05T22:08:28.097832, 82
7777, 3, 2119-03-06T22:08:28.097832, 2, 2119-02-05T22:08:28.097832, 82
7777, 3, 2119-03-06T22:08:28.097832, 2, 2119-02-05T22:08:28.097832, 82
7777, 3, 2119-03-06T22:08:28.097832, 2, 2119-02-05T22:08:28.097832, 82
7777, 3, 2119-03-06T22:08:28.097832, 2, 2119-02-05T22:08:28.097832, 82
7777, 3, 2119-03-06T22:08:28.097832, 2, 2119-02-05T22:08:28.097832, 82
7777, 3, 2119-03-06T22:08:28.097832, 2, 2119-02-05T22:08:28.097832, 82
7777, 3, 2119-03-06T22:08:28.097832, 2, 2119-02-05T22:08:28.097832, 82
7777, 3, 2119-03-06T22:08:28.097832, 2, 2119-02-05T22:08:28.097832, 82
7777, 3, 2119-03-06T22:08:28.097832, 2, 2119-02-05T22:08:28.097832, 82
7777, 3, 2119-03-06T22:08:28.097832, 2, 2119-02-05T22:08:28.097832, 82
7777, 3, 2119-03-06T22:08:28.097832, 2, 2119-02-05T22:08:28.097832, 82
7777, 3, 2119-03-06T22:08:28.097832, 2, 2119-02-05T22:08:28.097832, 82
7777, 3, 2119-03-06T22:08:28.097832, 2, 2119-02-05T22:08:28.097832, 82
7777, 3, 2119-03-06T22:08:28.097832, 2, 2119-02-05T22:08:28.097832, 82
7777, 3, 2119-03-06T22:08:28.097832, 2, 2119-02-05T22:08:28.097832, 82
7777, 3, 2119-03-06T22:08:28.097832, 2, 2119-02-05T22:08:28.097832, 82
7777, 3, 2119-03-06T22:08:28.097832, 2, 2119-02-05T22:08:28.097832, 82
7777, 3, 2119-03-06T22:08:28.097832, 2, 2119-02-05T22:08:28.097832, 82
7777, 3, 2119-03-06T22:08:28.097832, 2, 2119-02-05T22:08:28.097832, 82
7777, 3, 2119-03-06T22:08:28.097832, 2, 2119-02-05T22:08:28.097832, 82
7777, 3, 2119-03-06T22:08:28.097832, 2, 2119-02-05T22:08:28.097832, 82
7777, 3, 2119-03-06T22:08:28.097832, 2, 2119-02-05T22:08:28.097832, 82
7777, 3, 2119-03-06T22:08:28.097832, 2, 2119-02-05T22:08:28.097832, 82
7777, 3, 2119-03-06T22:08:28.097832, 2, 2119-02-05T22:08:28.097832, 82
7777, 3, 2119-03-06T22:08:28.097832, 2, 2119-02-05T22:08:28.097832, 82
7777, 3, 2119-03-06T22:08:28.097832, 2, 2119-02-05T22:08:28.097832, 82
7777, 3, 2119-03-06T22:08:28.097832, 2, 2119-02-05T22:08:28.097832, 82
7777, 3, 2119-03-06T22:08:28.097832, 2, 2119-02-05T22:08:28.097832, 82
7777, 3, 2119-03-06T22:08:28.097832, 2, 2119-02-05T22:08:28.097832, 82
7777, 3, 2119-03-06T22:08:28.097832, 2, 2119-02-05T22:08:28.097832, 82
7777, 3, 2119-03-06T22:08:28.097832, 2, 2119-02-05T22:08:28.097832, 82
7777, 3, 2119-03-06T22:08:28.097832, 2, 2119-02-05T22:08:28.097832, 82
7777, 3, 2119-03-06T22:08:28.097832, 2, 2119-02-05T22:08:28.097832, 82
7777, 3, 2119-03-06T22:08:28.097832, 2, 2119-02-05T22:08:28.097832, 82
7777, 3, 2119-03-06T22:08:28.097832, 2, 2119-02-05T22:08:28.097832, 82
7777, 3, 2119-03-06T22:08:28.097832, 2, 2119-02-05T22:08:28.097832, 82
7777, 3, 2119-03-06T22:08:28.097832, 2, 2119-02-05T22:08:28.097832, 82
7777, 3, 2119-03-06T22:08:28.097832, 2, 2119-02-05T22:08:28.097832, 82
7777, 3, 2119-03-06T22:08:28.097832, 2, 2119-02-05T22:08:28.097832, 82
7777, 3, 2119-03-06T22:08:28.097832, 2, 2119-02-05T22:08:28.097832, 82
7777, 3, 2119-03-06T22:08:28.097832, 2, 2119-02-05T22:08:28.097832, 82
7777, 3, 2119-03-06T22:08:28.097832, 2, 2119-02-05T22:08:28.097832, 82
7777, 3, 2119-03-06T22:08:28.097832, 2, 2119-02-05T22:08:28.097832, 82
7777, 3, 2119-03-06T22:08:28.097832, 2, 2119-02-05T22:08:28.097832, 82
7777, 3, 2119-03-06T22:08:28.097832, 2, 2119-02-05T22:08:28.097832, 82
7777, 3, 2119-03-06T22:08:28.097832, 2, 2119-02-05T22:08:28.097832, 82
7777, 3, 2119-03-06T22:08:28.097832, 2, 2119-02-05T22:08:28.097832, 82
7777, 3, 2119-03-06T22:08:28.097832, 2, 2119-02-05T22:08:28.097832, 82
7777, 3, 2119-03-06T22:08:28.097832, 2, 2119-02-05T22:08:28.097832, 82
7777, 3, 2119-03-06T22:08:28.097832, 2, 2119-02-05T22:08:28.097832, 82
7777, 3, 2119-03-06T22:08:28.097832, 2, 2119-02-05T22:08:28.097832, 82
7777, 3, 2119-03-06T22:08:28.097832, 2, 2119-02-05T22:08:28.097832, 82
7777, 3, 2119-03-06T22:08:28.097832, 2, 2119-02-05T22:08:28.097832, 82
7777, 3, 2119-03-06T22:08:28.097832, 2, 2119-02-05T22:08:28.097832, 82
7777, 3, 2119-03-06T22:08:28.097832, 2, 2119-02-05T22:08:28.097832, 82
7777, 3, 2119-03-06T22:08:28.097832, 2, 2119-02-05T22:08:28.097832, 82
7777, 3, 2119-03-06T22:08:28.097832, 2, 2119-02-05T22:08:28.097832, 82
7777, 3, 2119-03-06T22:08:28.097832, 2, 2119-02-05T22:08:28.097832, 82
7777, 3, 2119-03-06T22:08:28.097832, 2, 2119-02-05T22:08:28.097832, 82
7777, 3, 2119-03-06T22:08:28.097832, 2, 2119-02-05T22:08:28.097832, 82
7777, 3, 2119-03-06T22:08:28.097832, 2, 2119-02-05T22:08:28.097832, 82
7777, 3, 2119-03-06T22:08:28.097832, 2, 2119-02-05T22:08:28.097832, 82
7777, 3, 2119-03-06T22:08:28.097832, 2, 2119-02-05T22:08:28.097832, 82
7777, 3, 2119-03-06T22:08:28.097832, 2, 2119-02-05T22:08:28.097832, 82
7777, 3, 2119-03-06T22:08:28.097832, 2, 2119-02-05T22:08:28.097832, 82
7777, 3, 2119-03-06T22:08:28.097832, 2, 2119-02-05T22:08:28.097832, 82
7777, 3, 2119-03-06T22:08:28.097832, 2, 2119-02-05T22:08:28.097832, 82
7777, 3, 2119-03-06T22:08:28.097832, 2, 2119-02-05T22:08:28.097832, 82
7777, 3, 2119-03-06T22:08:28.097832, 2, 2119-02-05T22:08:28.097832, 82
7777, 3, 2119-03-06T22:08:28.097832, 2, 2119-02-05T22:08:28.097832, 82
7777, 3, 2119-03-06T22:08:28.097832, 2, 2119-02-05T22:08:28.097832, 82
7777, 3, 2119-03-06T22:08:28.097832, 2, 2119-02-05T22:08:28.097832, 82
7777, 3, 2119-03-06T22:08:28.097832, 2, 2119-02-05T22:08:28.097832, 82
7777, 3, 2119-03-06T22:08:28.097832, 2, 2119-02-05T22:08:28.097832, 82
7777, 3, 2119-03-06T22:08:28.097832, 2, 2119-02-05T22:08:28.097832, 82
7777, 3, 2119-03-06T22:08:28.097832, 2, 2119-02-05T22:08:28.097832, 82
7777, 3, 2119-03-06T22:08:28.097832, 2, 2119-02-05T22:08:28.097832, 82
7777, 3, 2119-03-06T22:08:28.097832, 2, 2119-02-05T22:08:28.097832, 82
7777, 3, 2119-03-06T22:08:28.097832, 2, 2119-02-05T22:08:28.097832, 82
7777, 3, 2119-03-06T22:08:28.097832, 2, 2119-02-05T22:08:28.097832, 82
7777, 3, 2119-03-06T22:08:28.097832, 2, 2119-02-05T22:08:28.097832, 82
7777, 3, 2119-03-06T22:08:28.097832, 2, 2119-02-05T22:08:28.097832, 82
7777, 3, 2119-03-06T22:08:28.097832, 2, 2119-02-05T22:08:28.097832, 82
7777, 3, 2119-03-06T22:08:28.097832, 2, 2119-02-05T22:08:28.097832, 82
7777, 3, 2119-03-06T22:08:28.097832, 2, 2119-02-05T22:08:28.097832, 82
7777, 3, 2119-03-06T22:08:28.097832, 2, 2119-02-05T22:08:28.097832, 82
7777, 3, 2119-03-06T22:08:28.097832, 2, 2119-02-05T22:08:28.097832, 82
7777, 3, 2119-03-06T22:08:28.097832, 2, 2119-02-05T22:08:28.097832, 82
7777, 3, 2119-03-06T22:08:28.097832, 2, 2119-02-05T22:08:28.097832, 82
7777, 3, 2119-03-06T22:08:28.097832, 2, 2119-02-05T22:08:28.097832, 82
7777, 3, 2119-03-06T22:08:28.097832, 2, 2119-02-05T22:08:28.097832, 82
7777, 3, 2119-03-06T22:08:28.097832, 2, 2119-02-05T22:08:28.097832, 82
7777, 3, 2119-03-06T22:08:28.097832, 2, 2119-02-05T22:08:28.097832, 82
7777, 3, 2119-03-06T22:08:28.097832, 2, 2119-02-05T22:08:28.097832, 82
7777, 3, 2119-03-06T22:08:28.097832, 2, 2119-02-05T22:08:28.097832, 82
7777, 3, 2119-03-06T22:08:28.097832, 2, 2119-02-05T22:08:28.097832, 82
7777, 3, 2119-03-06T22:08:28.097832, 2, 2119-02-05T22:08:28.097832, 82
7777, 3, 2119-03-06T22:08:28.097832, 2, 2119-02-05T22:08:28.097832, 82
7777, 3, 2119-03-06T22:08:28.097832, 2, 2119-02-05T22:08:28.097832, 82
7777, 3, 2119-03-06T22:08:28.097832, 2, 2119-02-05T22:08:28.097832, 82
7777, 3, 2119-03-06T22:08:28.097832, 2, 2119-02-05T22:08:28.097832, 82
7777, 3, 2119-03-06T22:08:28.097832, 2, 2119-02-05T22:08:28.097832, 82
7777, 3, 2119-03-06T22:08:28.097832, 2, 2119-02-05T22:08:28.097832, 82
7777, 3, 2119-03-06T22:08:28.097832, 2, 2119-02-05T22:08:28.097832, 82
7777, 3, 2119-03-06T22:08:28.097832, 2, 2119-02-05T22:08:28.097832, 82
7777, 3, 2119-03-06T22:08:28.097832, 2, 2119-02-05T22:08:28.097832, 82
7777, 3, 2119-03-06T22:08:28.097832, 2, 2119-02-05T22:08:28.097832, 82
7777, 3, 2119-03-06T22:08:28.097832, 2, 2119-02-05T22:08:28.097832, 82
7777, 3, 2119-03-06T22:08:28.097832, 2, 2119-02-05T22:08:28.097832, 82
7777, 3, 2119-03-06T22:08:28.097832, 2, 2119-02-05T22:08:28.097832, 82
7777, 3, 2119-03-06T22:08:28.097832, 2, 2119-02-05T22:08:28.097832, 82
7777, 3, 2119-03-06T22:08:28.097832, 2, 2119-02-05T22:08:28.097832, 82
7777, 3, 2119-03-06T22:08:28.097832, 2, 2119-02-05T22:08:28.097832, 82
7777, 3, 2119-03-06T22:08:28.097832, 2, 2119-02-05T22:08:28.097832, 82
7777, 3, 2119-03-06T22:08:28.097832, 2, 2119-02-05T22:08:28.097832, 82
7777, 3, 2119-03-06T22:08:28.097832, 2, 2119-02-05T22:08:28.097832, 82
7777, 3, 2119-03-06T22:08:28.097832, 2, 2119-02-05T22:08:28.097832, 82
7777, 3, 2119-03-06T22:08:28.097832, 2, 2119-02-05T22:08:28.097832, 82
7777, 3, 2119-03-06T22:08:28.097832, 2, 2119-02-05T22:08:28.097832, 82
7777, 3, 2119-03-06T22:08:28.097832, 2, 2119-02-05T22:08:28.097832, 82
7777, 3, 2119-03-06T22:08:28.097832, 2, 2119-02-05T22:08:28.097832, 82
7777, 3, 2119-03-06T22:08:28.097832, 2, 2119-02-05T22:08:28.097832, 82
7777, 3, 2119-03-06T22:08:28.097832, 2, 2119-02-05T22:08:28.097832, 82
7777, 3, 2119-03-06T22:08:28.097832, 2, 2119-02-05T22:08:28.097832, 82
7777, 3, 2119-03-06T22:08:28.097832, 2, 2119-02-05T22:08:28.097832, 82
7777, 3, 2119-03-06T22:08:28.097832, 2, 2119-02-05T22:08:28.097832, 82
7777, 3, 2119-03-06T22:08:28.097832, 2, 2119-02-05T22:08:28.097832, 82
7777, 3, 2119-03-06T22:08:28.097832, 2, 2119-02-05T22:08:28.097832, 82
7777, 3, 2119-03-06T22:08:28.097832, 2, 2119-02-05T22:08:28.097832, 82
7777, 3, 2119-03-06T22:08:28.097832, 2, 2119-02-05T22:08:28.097832, 82
7777, 3, 2119-03-06T22:08:28.097832, 2, 2119-02-05T22:08:28.097832, 82
7777, 3, 2119-03-06T22:08:28.097832, 2, 2119-02-05T22:08:28.097832, 82
7777, 3, 2119-03-06T22:08:28.097832, 2, 2119-02-05T22:08:28.097832, 82
7777, 3, 2119-03-06T22:08:28.097832, 2, 2119-02-05T22:08:28.097832, 82
7777, 3, 2119-03-06T22:08:28.097832, 2, 2119-02-05T22:08:28.097832, 82
7777, 3, 2119-03-06T22:08:28.097832, 2, 2119-02-05T22:08:28.097832, 82
7777, 3, 2119-03-06T22:08:28.097832, 2, 2119-02-05T22:08:28.097832, 82
7777, 3, 2119-03-06T22:08:28.097832, 2, 2119-02-05T22:08:28.097832, 82
7777, 3, 2119-03-06T22:08:28.097832, 2, 2119-02-05T22:08:28.097832, 82
7777, 3, 2119-03-06T22:08:28.097832, 2, 2119-02-05T22:08:28.097832, 82
7777, 3, 2119-03-06T22:08:28.097832, 2, 2119-02-05T22:08:28.097832, 82
7777, 3, 2119-03-06T22:08:28.097832, 2, 2119-02-05T22:08:28.097832, 82
7777, 3, 2119-03-06T22:08:28.097832, 2, 2119-02-05T22:08:28.097832, 82
7777, 3, 2119-03-06T22:08:28.097832, 2, 2119-02-05T22:08:28.097832, 82
7777, 3, 2119-03-06T22:08:28.097832, 2, 2119-02-05T22:08:28.097832, 82
7777, 3, 2119-03-06T22:08:28.097832, 2, 2119-02-05T22:08:28.097832, 82
7777, 3, 2119-03-06T22:08:28.097832, 2, 2119-02-05T22:08:28.097832, 82
7777, 3, 2119-03-06T22:08:28.097832, 2, 2119-02-05T22:08:28.097832, 82
7777, 3, 2119-03-06T22:08:28.097832, 2, 2119-02-05T22:08:28.097832, 82
7777, 3, 2119-03-06T22:08:28.097832, 2, 2119-02-05T22:08:28.097832, 82
7777, 3, 2119-03-06T22:08:28.097832, 2, 2119-02-05T22:08:28.097832, 82
7777, 3, 2119-03-06T22:08:28.097832, 2, 2119-02-05T22:08:28.097832, 82
7777, 3, 2119-03-06T22:08:28.097832, 2, 2119-02-05T22:08:28.097832, 82
7777, 3, 2119-03-06T22:08:28.097832, 2, 2119-02-05T22:08:28.097832, 82
7777, 3, 2119-03-06T22:08:28.097832, 2, 2119-02-05T22:08:28.097832, 82
7777, 3, 2119-03-06T22:08:28.097832, 2, 2119-02-05T22:08:28.097832, 82
7777, 3, 2119-03-06T22:08:28.097832, 2, 2119-02-05T22:08:28.097832, 82
7777, 3, 2119-03-06T22:08:28.097832, 2, 2119-02-05T22:08:28.097832, 82
7777, 3, 2119-03-06T22:08:28.097832, 2, 2119-02-05T22:08:28.097832, 82
7777, 3, 2119-03-06T22:08:28.097832, 2, 2119-02-05T22:08:28.097832, 82
7777, 3, 2119-03-06T22:08:28.097832, 2, 2119-02-05T22:08:28.097832, 82
7777, 3, 2119-03-06T22:08:28.097832, 2, 2119-02-05T22:08:28.097832, 82
7777, 3, 2119-03-06T22:08:28.097832, 2, 2119-02-05T22:08:28.097832, 82
7777, 3, 2119-03-06T22:08:28.097832, 2, 2119-02-05T22:08:28.097832, 82
7777, 3, 2119-03-06T22:08:28.097832, 2, 2119-02-05T22:08:28.097832, 82
7777, 3, 2119-03-06T22:08:28.097832, 2, 2119-02-05T22:08:28.097832, 82
7777, 3, 2119-03-06T22:08:28.097832, 2, 2119-02-05T22:08:28.097832, 82
7777, 3, 2119-03-06T22:08:28.097832, 2, 2119-02-05T22:08:28.097832, 82
7777, 3, 2119-03-06T22:08:28.097832, 2, 2119-02-05T22:08:28.097832, 82
7777, 3, 2119-03-06T22:08:28.097832, 2, 2119-02-05T22:08:28.097832, 82
7777, 3, 2119-03-06T22:08:28.097832, 2, 2119-02-05T22:08:28.097832, 82
7777, 3, 2119-03-06T22:08:28.097832, 2, 2119-02-05T22:08:28.097832, 82
7777, 3, 2119-03-06T22:08:28.097832, 2, 2119-02-05T22:08:28.097832, 82
7777, 3, 2119-03-06T22:08:28.097832, 2, 2119-02-05T22:08:28.097832, 82
7777, 3, 2119-03-06T22:08:28.097832, 2, 2119-02-05T22:08:28.097832, 82
7777, 3, 2119-03-06T22:08:28.097832, 2, 2119-02-05T22:08:28.097832, 82
7777, 3, 2119-03-06T22:08:28.097832, 2, 2119-02-05T22:08:28.097832, 82
7777, 3, 2119-03-06T22:08:28.097832, 2, 2119-02-05T22:08:28.097832, 82
7777, 3, 2119-03-06T22:08:28.097832, 2, 2119-02-05T22:08:28.097832, 82
7777, 3, 2119-03-06T22:08:28.097832, 2, 2119-02-05T22:08:28.097832, 82
7777, 3, 2119-03-06T22:08:28.097832, 2, 2119-02-05T22:08:28.097832, 82
7777, 3, 2119-03-06T22:08:28.097832, 2, 2119-02-05T22:08:28.097832, 82
7777, 3, 2119-03-06T22:08:28.097832, 2, 2119-02-05T22:08:28.097832, 82
7777, 3, 2119-03-06T22:08:28.097832, 2, 2119-02-05T22:08:28.097832, 82
7777, 3, 2119-03-06T22:08:28.097832, 2, 2119-02-05T22:08:28.097832, 82
7777, 3, 2119-03-06T22:08:28.097832, 2, 2119-02-05T22:08:28.097832, 82
7777, 3, 2119-03-06T22:08:28.097832, 2, 2119-02-05T22:08:28.097832, 82
7777, 3, 2119-03-06T22:08:28.097832, 2, 2119-02-05T22:08:28.097832, 82
7777, 3, 2119-03-06T22:08:28.097832, 2, 2119-02-05T22:08:28.097832, 82
7777, 3, 2119-03-06T22:08:28.097832, 2, 2119-02-05T22:08:28.097832, 82
7777, 3, 2119-03-06T22:08:28.097832, 2, 2119-02-05T22:08:28.097832, 82
7777, 3, 2119-03-06T22:08:28.097832, 2, 2119-02-05T22:08:28.097832, 82
7777, 3, 2119-03-06T22:08:28.097832, 2, 2119-02-05T22:08:28.097832, 82
7777, 3, 2119-03-06T22:08:28.097832, 2, 2119-02-05T22:08:28.097832, 82
7777, 3, 2119-03-06T22:08:28.097832, 2, 2119-02-05T22:08:28.097832, 82
7777, 3, 2119-03-06T22:08:28.097832, 2, 2119-02-05T22:08:28.097832, 82
7777, 3, 2119-03-06T22:08:28.097832, 2, 2119-02-05T22:08:28.097832, 82
7777, 3, 2119-03-06T22:08:28.097832, 2, 2119-02-05T22:08:28.097832, 82
7777, 3, 2119-03-06T22:08:28.097832, 2, 2119-02-05T22:08:28.097832, 82
7777, 3, 2119-03-06T22:08:28.097832, 2, 2119-02-05T22:08:28.097832, 82
7777, 3, 2119-03-06T22:08:28.097832, 2, 2119-02-05T22:08:28.097832, 82
7777, 3, 2119-03-06T22:08:28.097832, 2, 2119-02-05T22:08:28.097832, 82
7777, 3, 2119-03-06T22:08:28.097832, 2, 2119-02-05T22:08:28.097832, 82
7777, 3, 2119-03-06T22:08:28.097832, 2, 2119-02-05T22:08:28.097832, 82
7777, 3, 2119-03-06T22:08:28.097832, 2, 2119-02-05T22:08:28.097832, 82
7777, 3, 2119-03-06T22:08:28.097832, 2, 2119-02-05T22:08:28.097832, 82
7777, 3, 2119-03-06T22:08:28.097832, 2, 2119-02-05T22:08:28.097832, 82
7777, 3, 2119-03-06T22:08:28.097832, 2, 2119-02-05T22:08:28.097832, 82
7777, 3, 2119-03-06T22:08:28.097832, 2, 2119-02-05T22:08:28.097832, 82
7777, 3, 2119-03-06T22:08:28.097832, 2, 2119-02-05T22:08:28.097832, 82
7777, 3, 2119-03-06T22:08:28.097832, 2, 2119-02-05T22:08:28.097832, 82
7777, 3, 2119-03-06T22:08:28.097832, 2, 2119-02-05T22:08:28.097832, 82
7777, 3, 2119-03-06T22:08:28.097832, 2, 2119-02-05T22:08:28.097832, 82
7777, 3, 2119-03-06T22:08:28.097832, 2, 2119-02-05T22:08:28.097832, 82
7777, 3, 2119-03-06T22:08:28.097832, 2, 2119-02-05T22:08:28.097832, 82
7777, 3, 2119-03-06T22:08:28.097832, 2, 2119-02-05T22:08:28.097832, 82
7777, 3, 2119-03-06T22:08:28.097832, 2, 2119-02-05T22:08:28.097832, 82
7777, 3, 2119-03-06T22:08:28.097832, 2, 2119-02-05T22:08:28.097832, 82
7777, 3, 2119-03-06T22:08:28.097832, 2, 2119-02-05T22:08:28.097832, 82
7777, 3, 2119-03-06T22:08:28.097832, 2, 2119-02-05T22:08:28.097832, 82
7777, 3, 2119-03-06T22:08:28.097832, 2, 2119-02-05T22:08:28.097832, 82
7777, 3, 2119-03-06T22:08:28.097832, 2, 2119-02-05T22:08:28.097832, 82
7777, 3, 2119-03-06T22:08:28.097832, 2, 2119-02-05T22:08:28.097832, 82
7777, 3, 2119-03-06T22:08:28.097832, 2, 2119-02-05T22:08:28.097832, 82
7777, 3, 2119-03-06T22:08:28.097832, 2, 2119-02-05T22:08:28.097832, 82
7777, 3, 2119-03-06T22:08:28.097832, 2, 2119-02-05T22:08:28.097832, 82
7777, 3, 2119-03-06T22:08:28.097832, 2, 2119-02-05T22:08:28.097832, 82
7777, 3, 2119-03-06T22:08:28.097832, 2, 2119-02-05T22:08:28.097832, 82
7777, 3, 2119-03-06T22:08:28.097832, 2, 2119-02-05T22:08:28.097832, 82
7777, 3, 2119-03-06T22:08:28.097832, 2, 2119-02-05T22:08:28.097832, 82
7777, 3, 2119-03-06T22:08:28.097832, 2, 2119-02-05T22:08:28.097832, 82
7777, 3, 2119-03-06T22:08:28.097832, 2, 2119-02-05T22:08:28.097832, 82
7777, 3, 2119-03-06T22:08:28.097832, 2, 2119-02-05T22:08:28.097832, 82
7777, 3, 2119-03-06T22:08:28.097832, 2, 2119-02-05T22:08:28.097832, 82
7777, 3, 2119-03-06T22:08:28.097832, 2, 2119-02-05T22:08:28.097832, 82
7777, 3, 2119-03-06T22:08:28.097832, 2, 2119-02-05T22:08:28.097832, 82
7777, 3, 2119-03-06T22:08:28.097832, 2, 2119-02-05T22:08:28.097832, 82
7777, 3, 2119-03-06T22:08:28.097832, 2, 2119-02-05T22:08:28.097832, 82
7777, 3, 2119-03-06T22:08:28.097832, 2, 2119-02-05T22:08:28.097832, 82
7777, 3, 2119-03-06T22:08:28.097832, 2, 2119-02-05T22:08:28.097832, 82
7777, 3, 2119-03-06T22:08:28.097832, 2, 2119-02-05T22:08:28.097832, 82
7777, 3, 2119-03-06T22:08:28.097832, 2, 2119-02-05T22:08:28.097832, 82
7777, 3, 2119-03-06T22:08:28.097832, 2, 2119-02-05T22:08:28.097832, 82
7777, 3, 2119-03-06T22:08:28.097832, 2, 2119-02-05T22:08:28.097832, 82
7777, 3, 2119-03-06T22:08:28.097832, 2, 2119-02-05T22:08:28.097832, 82
7777, 3, 2119-03-06T22:08:28.097832, 2, 2119-02-05T22:08:28.097832, 82
7777, 3, 2119-03-06T22:08:28.097832, 2, 2119-02-05T22:08:28.097832, 82
7777, 3, 2119-03-06T22:08:28.097832, 2, 2119-02-05T22:08:28.097832, 82
7777, 3, 2119-03-06T22:08:28.097832, 2, 2119-02-05T22:08:28.097832, 82
7777, 3, 2119-03-06T22:08:28.097832, 2, 2119-02-05T22:08:28.097832, 82
7777, 3, 2119-03-06T22:08:28.097832, 2, 2119-02-05T22:08:28.097832, 82
7777, 3, 2119-03-06T22:08:28.097832, 2, 2119-02-05T22:08:28.097832, 82
7777, 3, 2119-03-06T22:08:28.097832, 2, 2119-02-05T22:08:28.097832, 82
7777, 3, 2119-03-06T22:08:28.097832, 2, 2119-02-05T22:08:28.097832, 82
7777, 3, 2119-03-06T22:08:28.097832, 2, 2119-02-05T22:08:28.097832, 82
7777, 3, 2119-03-06T22:08:28.097832, 2, 2119-02-05T22:08:28.097832, 82
7777, 3, 2119-03-06T22:08:28.097832, 2, 2119-02-05T22:08:28.097832, 82
7777, 3, 2119-03-06T22:08:28.097832, 2, 2119-02-05T22:08:28.097832, 82
7777, 3, 2119-03-06T22:08:28.097832, 2, 2119-02-05T22:08:28.097832, 82
7777, 3, 2119-03-06T22:08:28.097832, 2, 2119-02-05T22:08:28.097832, 82
7777, 3, 2119-03-06T22:08:28.097832, 2, 2119-02-05T22:08:28.097832, 82
7777, 3, 2119-03-06T22:08:28.097832, 2, 2119-02-05T22:08:28.097832, 82
7777, 3, 2119-03-06T22:08:28.097832, 2, 2119-02-05T22:08:28.097832, 82
7777, 3, 2119-03-06T22:08:28.097832, 2, 2119-02-05T22:08:28.097832, 82
7777, 3, 2119-03-06T22:08:28.097832, 2, 2119-02-05T22:08:28.097832, 82
7777, 3, 2119-03-06T22:08:28.097832, 2, 2119-02-05T22:08:28.097832, 82
7777, 3, 2119-03-06T22:08:28.097832, 2, 2119-02-05T22:08:28.097832, 82
7777, 3, 2119-03-06T22:08:28.097832, 2, 2119-02-05T22:08:28.097832, 82
7777, 3, 2119-03-06T22:08:28.097832, 2, 2119-02-05T22:08:28.097832, 82
7777, 3, 2119-03-06T22:08:28.097832, 2, 2119-02-05T22:08:28.097832, 82
7777, 3, 2119-03-06T22:08:28.097832, 2, 2119-02-05T22:08:28.097832, 82
7777, 3, 2119-03-06T22:08:28.097832, 2, 2119-02-05T22:08:28.097832, 82
7777, 3, 2119-03-06T22:08:28.097832, 2, 2119-02-05T22:08:28.097832, 82
7777, 3, 2119-03-06T22:08:28.097832, 2, 2119-02-05T22:08:28.097832, 82
7777, 3, 2119-03-06T22:08:28.097832, 2, 2119-02-05T22:08:28.097832, 82
7777, 3, 2119-03-06T22:08:28.097832, 2, 2119-02-05T22:08:28.097832, 82
7777, 3, 2119-03-06T22:08:28.097832, 2, 2119-02-05T22:08:28.097832, 82
7777, 3, 2119-03-06T22:08:28.097832, 2, 2119-02-05T22:08:28.097832, 82
7777, 3, 2119-03-06T22:08:28.097832, 2, 2119-02-05T22:08:28.097832, 82
7777, 3, 2119-03-06T22:08:28.097832, 2, 2119-02-05T22:08:28.097832, 82
7777, 3, 2119-03-06T22:08:28.097832, 2, 2119-02-05T22:08:28.097832, 82
7777, 3, 2119-03-06T22:08:28.097832, 2, 2119-02-05T22:08:28.097832, 82
7777, 3, 2119-03-06T22:08:28.097832, 2, 2119-02-05T22:08:28.097832, 82
7777, 3, 2119-03-06T22:08:28.097832, 2, 2119-02-05T22:08:28.097832, 82
7777, 3, 2119-03-06T22:08:28.097832, 2, 2119-02-05T22:08:28.097832, 82
7777, 3, 2119-03-06T22:08:28.097832, 2, 2119-02-05T22:08:28.097832, 82
7777, 3, 2119-03-06T22:08:28.097832, 2, 2119-02-05T22:08:28.097832, 82
7777, 3, 2119-03-06T22:08:28.097832, 2, 2119-02-05T22:08:28.097832, 82
7777, 3, 2119-03-06T22:08:28.097832, 2, 2119-02-05T22:08:28.097832, 82
7777, 3, 2119-03-06T22:08:28.097832, 2, 2119-02-05T22:08:28.097832, 82
7777, 3, 2119-03-06T22:08:28.097832, 2, 2119-02-05T22:08:28.097832, 82
7777, 3, 2119-03-06T22:08:28.097832, 2, 2119-02-05T22:08:28.097832, 82
7777, 3, 2119-03-06T22:08:28.097832, 2, 2119-02-05T22:08:28.097832, 82
7777, 3, 2119-03-06T22:08:28.097832, 2, 2119-02-05T22:08:28.097832, 82
7777, 3, 2119-03-06T22:08:28.097832, 2, 2119-02-05T22:08:28.097832, 82
7777, 3, 2119-03-06T22:08:28.097832, 2, 2119-02-05T22:08:28.097832, 82
7777, 3, 2119-03-06T22:08:28.097832, 2, 2119-02-05T22:08:28.097832, 82
7777, 3, 2119-03-06T22:08:28.097832, 2, 2119-02-05T22:08:28.097832, 82
7777, 3, 2119-03-06T22:08:28.097832, 2, 2119-02-05T22:08:28.097832, 82
7777, 3, 2119-03-06T22:08:28.097832, 2, 2119-02-05T22:08:28.097832, 82
7777, 3, 2119-03-06T22:08:28.097832, 2, 2119-02-05T22:08:28.097832, 82
7777, 3, 2119-03-06T22:08:28.097832, 2, 2119-02-05T22:08:28.097832, 82
7777, 3, 2119-03-06T22:08:28.097832, 2, 2119-02-05T22:08:28.097832, 82
7777, 3, 2119-03-06T22:08:28.097832, 2, 2119-02-05T22:08:28.097832, 82
7777, 3, 2119-03-06T22:08:28.097832, 2, 2119-02-05T22:08:28.097832, 82
7777, 3, 2119-03-06T22:08:28.097832, 2, 2119-02-05T22:08:28.097832, 82
7777, 3, 2119-03-06T22:08:28.097832, 2, 2119-02-05T22:08:28.097832, 82
7777, 3, 2119-03-06T22:08:28.097832, 2, 2119-02-05T22:08:28.097832, 82
7777, 3, 2119-03-06T22:08:28.097832, 2, 2119-02-05T22:08:28.097832, 82
7777, 3, 2119-03-06T22:08:28.097832, 2, 2119-02-05T22:08:28.097832, 82
7777, 3, 2119-03-06T22:08:28.097832, 2, 2119-02-05T22:08:28.097832, 82
7777, 3, 2119-03-06T22:08:28.097832, 2, 2119-02-05T22:08:28.097832, 82
7777, 3, 2119-03-06T22:08:28.097832, 2, 2119-02-05T22:08:28.097832, 82
7777, 3, 2119-03-06T22:08:28.097832, 2, 2119-02-05T22:08:28.097832, 82
7777, 3, 2119-03-06T22:08:28.097832, 2, 2119-02-05T22:08:28.097832, 82
7777, 3, 2119-03-06T22:08:28.097832, 2, 2119-02-05T22:08:28.097832, 82
7777, 3, 2119-03-06T22:08:28.097832, 2, 2119-02-05T22:08:28.097832, 82
7777, 3, 2119-03-06T22:08:28.097832, 2, 2119-02-05T22:08:28.097832, 82
7777, 3, 2119-03-06T22:08:28.097832, 2, 2119-02-05T22:08:28.097832, 82
7777, 3, 2119-03-06T22:08:28.097832, 2, 2119-02-05T22:08:28.097832, 82
7777, 3, 2119-03-06T22:08:28.097832, 2, 2119-02-05T22:08:28.097832, 82
7777, 3, 2119-03-06T22:08:28.097832, 2, 2119-02-05T22:08:28.097832, 82
7777, 3, 2119-03-06T22:08:28.097832, 2, 2119-02-05T22:08:28.097832, 82
7777, 3, 2119-03-06T22:08:28.097832, 2, 2119-02-05T22:08:28.097832, 82
7777, 3, 2119-03-06T22:08:28.097832, 2, 2119-02-05T22:08:28.097832, 82
7777, 3, 2119-03-06T22:08:28.097832, 2, 2119-02-05T22:08:28.097832, 82
7777, 3, 2119-03-06T22:08:28.097832, 2, 2119-02-05T22:08:28.097832, 82
7777, 3, 2119-03-06T22:08:28.097832, 2, 2119-02-05T22:08:28.097832, 82
7777, 3, 2119-03-06T22:08:28.097832, 2, 2119-02-05T22:08:28.097832, 82
7777, 3, 2119-03-06T22:08:28.097832, 2, 2119-02-05T22:08:28.097832, 82
7777, 3, 2119-03-06T22:08:28.097832, 2, 2119-02-05T22:08:28.097832, 82
7777, 3, 2119-03-06T22:08:28.097832, 2, 2119-02-05T22:08:28.097832, 82
7777, 3, 2119-03-06T22:08:28.097832, 2, 2119-02-05T22:08:28.097832, 82
7777, 3, 2119-03-06T22:08:28.097832, 2, 2119-02-05T22:08:28.097832, 82
7777, 3, 2119-03-06T22:08:28.097832, 2, 2119-02-05T22:08:28.097832, 82
7777, 3, 2119-03-06T22:08:28.097832, 2, 2119-02-05T22:08:28.097832, 82
7777, 3, 2119-03-06T22:08:28.097832, 2, 2119-02-05T22:08:28.097832, 82
7777, 3, 2119-03-06T22:08:28.097832, 2, 2119-02-05T22:08:28.097832, 82
7777, 3, 2119-03-06T22:08:28.097832, 2, 2119-02-05T22:08:28.097832, 82
7777, 3, 2119-03-06T22:08:28.097832, 2, 2119-02-05T22:08:28.097832, 82
7777, 3, 2119-03-06T22:08:28.097832, 2, 2119-02-05T22:08:28.097832, 82
7777, 3, 2119-03-06T22:08:28.097832, 2, 2119-02-05T22:08:28.097832, 82
7777, 3, 2119-03-06T22:08:28.097832, 2, 2119-02-05T22:08:28.097832, 82
7777, 3, 2119-03-06T22:08:28.097832, 2, 2119-02-05T22:08:28.097832, 82
7777, 3, 2119-03-06T22:08:28.097832, 2, 2119-02-05T22:08:28.097832, 82
7777, 3, 2119-03-06T22:08:28.097832, 2, 2119-02-05T22:08:28.097832, 82
7777, 3, 2119-03-06T22:08:28.097832, 2, 2119-02-05T22:08:28.097832, 82
7777, 3, 2119-03-06T22:08:28.097832, 2, 2119-02-05T22:08:28.097832, 82
7777, 3, 2119-03-06T22:08:28.097832, 2, 2119-02-05T22:08:28.097832, 82
7777, 3, 2119-03-06T22:08:28.097832, 2, 2119-02-05T22:08:28.097832, 82
7777, 3, 2119-03-06T22:08:28.097832, 2, 2119-02-05T22:08:28.097832, 82
7777, 3, 2119-03-06T22:08:28.097832, 2, 2119-02-05T22:08:28.097832, 82
7777, 3, 2119-03-06T22:08:28.097832, 2, 2119-02-05T22:08:28.097832, 82
7777, 3, 2119-03-06T22:08:28.097832, 2, 2119-02-05T22:08:28.097832, 82
7777, 3, 2119-03-06T22:08:28.097832, 2, 2119-02-05T22:08:28.097832, 82
7777, 3, 2119-03-06T22:08:28.097832, 2, 2119-02-05T22:08:28.097832, 82
7777, 3, 2119-03-06T22:08:28.097832, 2, 2119-02-05T22:08:28.097832, 82
7777, 3, 2119-03-06T22:08:28.097832, 2, 2119-02-05T22:08:28.097832, 82
7777, 3, 2119-03-06T22:08:28.097832, 2, 2119-02-05T22:08:28.097832, 82
7777, 3, 2119-03-06T22:08:28.097832, 2, 2119-02-05T22:08:28.097832, 82
7777, 3, 2119-03-06T22:08:28.097832, 2, 2119-02-05T22:08:28.097832, 82
7777, 3, 2119-03-06T22:08:28.097832, 2, 2119-02-05T22:08:28.097832, 82
7777, 3, 2119-03-06T22:08:28.097832, 2, 2119-02-05T22:08:28.097832, 82
7777, 3, 2119-03-06T22:08:28.097832, 2, 2119-02-05T22:08:28.097832, 82
7777, 3, 2119-03-06T22:08:28.097832, 2, 2119-02-05T22:08:28.097832, 82
7777, 3, 2119-03-06T22:08:28.097832, 2, 2119-02-05T22:08:28.097832, 82
7777, 3, 2119-03-06T22:08:28.097832, 2, 2119-02-05T22:08:28.097832, 82
7777, 3, 2119-03-06T22:08:28.097832, 2, 2119-02-05T22:08:28.097832, 82
7777, 3, 2119-03-06T22:08:28.097832, 2, 2119-02-05T22:08:28.097832, 82
7777, 3, 2119-03-06T22:08:28.097832, 2, 2119-02-05T22:08:28.097832, 82
7777, 3, 2119-03-06T22:08:28.097832, 2, 2119-02-05T22:08:28.097832, 82
7777, 3, 2119-03-06T22:08:28.097832, 2, 2119-02-05T22:08:28.097832, 82
7777, 3, 2119-03-06T22:08:28.097832, 2, 2119-02-05T22:08:28.097832, 82
7777, 3, 2119-03-06T22:08:28.097832, 2, 2119-02-05T22:08:28.097832, 82
7777, 3, 2119-03-06T22:08:28.097832, 2, 2119-02-05T22:08:28.097832, 82
7777, 3, 2119-03-06T22:08:28.097832, 2, 2119-02-05T22:08:28.097832, 82
7777, 3, 2119-03-06T22:08:28.097832, 2, 2119-02-05T22:08:28.097832, 82
7777, 3, 2119-03-06T22:08:28.097832, 2, 2119-02-05T22:08:28.097832, 82
7777, 3, 2119-03-06T22:08:28.097832, 2, 2119-02-05T22:08:28.097832, 82
7777, 3, 2119-03-06T22:08:28.097832, 2, 2119-02-05T22:08:28.097832, 82
7777, 3, 2119-03-06T22:08:28.097832, 2, 2119-02-05T22:08:28.097832, 82
7777, 3, 2119-03-06T22:08:28.097832, 2, 2119-02-05T22:08:28.097832, 82
7777, 3, 2119-03-06T22:08:28.097832, 2, 2119-02-05T22:08:28.097832, 82
7777, 3, 2119-03-06T22:08:28.097832, 2, 2119-02-05T22:08:28.097832, 82
7777, 3, 2119-03-06T22:08:28.097832, 2, 2119-02-05T22:08:28.097832, 82
7777, 3, 2119-03-06T22:08:28.097832, 2, 2119-02-05T22:08:28.097832, 82
7777, 3, 2119-03-06T22:08:28.097832, 2, 2119-02-05T22:08:28.097832, 82
7777, 3, 2119-03-06T22:08:28.097832, 2, 2119-02-05T22:08:28.097832, 82
7777, 3, 2119-03-06T22:08:28.097832, 2, 2119-02-05T22:08:28.097832, 82
7777, 3, 2119-03-06T22:08:28.097832, 2, 2119-02-05T22:08:28.097832, 82
7777, 3, 2119-03-06T22:08:28.097832, 2, 2119-02-05T22:08:28.097832, 82
7777, 3, 2119-03-06T22:08:28.097832, 2, 2119-02-05T22:08:28.097832, 82
7777, 3, 2119-03-06T22:08:28.097832, 2, 2119-02-05T22:08:28.097832, 82
7777, 3, 2119-03-06T22:08:28.097832, 2, 2119-02-05T22:08:28.097832, 82
7777, 3, 2119-03-06T22:08:28.097832, 2, 2119-02-05T22:08:28.097832, 82
7777, 3, 2119-03-06T22:08:28.097832, 2, 2119-02-05T22:08:28.097832, 82
7777, 3, 2119-03-06T22:08:28.097832, 2, 2119-02-05T22:08:28.097832, 82
7777, 3, 2119-03-06T22:08:28.097832, 2, 2119-02-05T22:08:28.097832, 82
7777, 3, 2119-03-06T22:08:28.097832, 2, 2119-02-05T22:08:28.097832, 82
7777, 3, 2119-03-06T22:08:28.097832, 2, 2119-02-05T22:08:28.097832, 82
7777, 3, 2119-03-06T22:08:28.097832, 2, 2119-02-05T22:08:28.097832, 82
7777, 3, 2119-03-06T22:08:28.097832, 2, 2119-02-05T22:08:28.097832, 82
7777, 3, 2119-03-06T22:08:28.097832, 2, 2119-02-05T22:08:28.097832, 82
7777, 3, 2119-03-06T22:08:28.097832, 2, 2119-02-05T22:08:28.097832, 82
7777, 3, 2119-03-06T22:08:28.097832, 2, 2119-02-05T22:08:28.097832, 82
7777, 3, 2119-03-06T22:08:28.097832, 2, 2119-02-05T22:08:28.097832, 82
7777, 3, 2119-03-06T22:08:28.097832, 2, 2119-02-05T22:08:28.097832, 82
7777, 3, 2119-03-06T22:08:28.097832, 2, 2119-02-05T22:08:28.097832, 82
7777, 3, 2119-03-06T22:08:28.097832, 2, 2119-02-05T22:08:28.097832, 82
7777, 3, 2119-03-06T22:08:28.097832, 2, 2119-02-05T22:08:28.097832, 82
7777, 3, 2119-03-06T22:08:28.097832, 2, 2119-02-05T22:08:28.097832, 82
7777, 3, 2119-03-06T22:08:28.097832, 2, 2119-02-05T22:08:28.097832, 82
7777, 3, 2119-03-06T22:08:28.097832, 2, 2119-02-05T22:08:28.097832, 82
7777, 3, 2119-03-06T22:08:28.097832, 2, 2119-02-05T22:08:28.097832, 82
7777, 3, 2119-03-06T22:08:28.097832, 2, 2119-02-05T22:08:28.097832, 82
7777, 3, 2119-03-06T22:08:28.097832, 2, 2119-02-05T22:08:28.097832, 82
7777, 3, 2119-03-06T22:08:28.097832, 2, 2119-02-05T22:08:28.097832, 82
7777, 3, 2119-03-06T22:08:28.097832, 2, 2119-02-05T22:08:28.097832, 82
7777, 3, 2119-03-06T22:08:28.097832, 2, 2119-02-05T22:08:28.097832, 82
7777, 3, 2119-03-06T22:08:28.097832, 2, 2119-02-05T22:08:28.097832, 82
7777, 3, 2119-03-06T22:08:28.097832, 2, 2119-02-05T22:08:28.097832, 82
7777, 3, 2119-03-06T22:08:28.097832, 2, 2119-02-05T22:08:28.097832, 82
7777, 3, 2119-03-06T22:08:28.097832, 2, 2119-02-05T22:08:28.097832, 82
7777, 3, 2119-03-06T22:08:28.097832, 2, 2119-02-05T22:08:28.097832, 82
7777, 3, 2119-03-06T22:08:28.097832, 2, 2119-02-05T22:08:28.097832, 82
7777, 3, 2119-03-06T22:08:28.097832, 2, 2119-02-05T22:08:28.097832, 82
7777, 3, 2119-03-06T22:08:28.097832, 2, 2119-02-05T22:08:28.097832, 82
7777, 3, 2119-03-06T22:08:28.097832, 2, 2119-02-05T22:08:28.097832, 82
7777, 3, 2119-03-06T22:08:28.097832, 2, 2119-02-05T22:08:28.097832, 82
7777, 3, 2119-03-06T22:08:28.097832, 2, 2119-02-05T22:08:28.097832, 82
7777, 3, 2119-03-06T22:08:28.097832, 2, 2119-02-05T22:08:28.097832, 82
7777, 3, 2119-03-06T22:08:28.097832, 2, 2119-02-05T22:08:28.097832, 82
7777, 3, 2119-03-06T22:08:28.097832, 2, 2119-02-05T22:08:28.097832, 82
7777, 3, 2119-03-06T22:08:28.097832, 2, 2119-02-05T22:08:28.097832, 82
7777, 3, 2119-03-06T22:08:28.097832, 2, 2119-02-05T22:08:28.097832, 82
7777, 3, 2119-03-06T22:08:28.097832, 2, 2119-02-05T22:08:28.097832, 82
7777, 3, 2119-03-06T22:08:28.097832, 2, 2119-02-05T22:08:28.097832, 82
7777, 3, 2119-03-06T22:08:28.097832, 2, 2119-02-05T22:08:28.097832, 82
7777, 3, 2119-03-06T22:08:28.097832, 2, 2119-02-05T22:08:28.097832, 82
7777, 3, 2119-03-06T22:08:28.097832, 2, 2119-02-05T22:08:28.097832, 82
7777, 3, 2119-03-06T22:08:28.097832, 2, 2119-02-05T22:08:28.097832, 82
7777, 3, 2119-03-06T22:08:28.097832, 2, 2119-02-05T22:08:28.097832, 82
7777, 3, 2119-03-06T22:08:28.097832, 2, 2119-02-05T22:08:28.097832, 82
7777, 3, 2119-03-06T22:08:28.097832, 2, 2119-02-05T22:08:28.097832, 82
7777, 3, 2119-03-06T22:08:28.097832, 2, 2119-02-05T22:08:28.097832, 82
7777, 3, 2119-03-06T22:08:28.097832, 2, 2119-02-05T22:08:28.097832, 82
7777, 3, 2119-03-06T22:08:28.097832, 2, 2119-02-05T22:08:28.097832, 82
7777, 3, 2119-03-06T22:08:28.097832, 2, 2119-02-05T22:08:28.097832, 82
7777, 3, 2119-03-06T22:08:28.097832, 2, 2119-02-05T22:08:28.097832, 82
7777, 3, 2119-03-06T22:08:28.097832, 2, 2119-02-05T22:08:28.097832, 82
7777, 3, 2119-03-06T22:08:28.097832, 2, 2119-02-05T22:08:28.097832, 82
7777, 3, 2119-03-06T22:08:28.097832, 2, 2119-02-05T22:08:28.097832, 82
7777, 3, 2119-03-06T22:08:28.097832, 2, 2119-02-05T22:08:28.097832, 82
7777, 3, 2119-03-06T22:08:28.097832, 2, 2119-02-05T22:08:28.097832, 82
7777, 3, 2119-03-06T22:08:28.097832, 2, 2119-02-05T22:08:28.097832, 82
7777, 3, 2119-03-06T22:08:28.097832, 2, 2119-02-05T22:08:28.097832, 82
7777, 3, 2119-03-06T22:08:28.097832, 2, 2119-02-05T22:08:28.097832, 82
7777, 3, 2119-03-06T22:08:28.097832, 2, 2119-02-05T22:08:28.097832, 82
7777, 3, 2119-03-06T22:08:28.097832, 2, 2119-02-05T22:08:28.097832, 82
7777, 3, 2119-03-06T22:08:28.097832, 2, 2119-02-05T22:08:28.097832, 82
7777, 3, 2119-03-06T22:08:28.097832, 2, 2119-02-05T22:08:28.097832, 82
7777, 3, 2119-03-06T22:08:28.097832, 2, 2119-02-05T22:08:28.097832, 82
7777, 3, 2119-03-06T22:08:28.097832, 2, 2119-02-05T22:08:28.097832, 82
7777, 3, 2119-03-06T22:08:28.097832, 2, 2119-02-05T22:08:28.097832, 82
7777, 3, 2119-03-06T22:08:28.097832, 2, 2119-02-05T22:08:28.097832, 82
7777, 3, 2119-03-06T22:08:28.097832, 2, 2119-02-05T22:08:28.097832, 82
7777, 3, 2119-03-06T22:08:28.097832, 2, 2119-02-05T22:08:28.097832, 82
7777, 3, 2119-03-06T22:08:28.097832, 2, 2119-02-05T22:08:28.097832, 82
7777, 3, 2119-03-06T22:08:28.097832, 2, 2119-02-05T22:08:28.097832, 82
7777, 3, 2119-03-06T22:08:28.097832, 2, 2119-02-05T22:08:28.097832, 82
7777, 3, 2119-03-06T22:08:28.097832, 2, 2119-02-05T22:08:28.097832, 82
7777, 3, 2119-03-06T22:08:28.097832, 2, 2119-02-05T22:08:28.097832, 82
7777, 3, 2119-03-06T22:08:28.097832, 2, 2119-02-05T22:08:28.097832, 82
7777, 3, 2119-03-06T22:08:28.097832, 2, 2119-02-05T22:08:28.097832, 82
7777, 3, 2119-03-06T22:08:28.097832, 2, 2119-02-05T22:08:28.097832, 82
7777, 3, 2119-03-06T22:08:28.097832, 2, 2119-02-05T22:08:28.097832, 82
7777, 3, 2119-03-06T22:08:28.097832, 2, 2119-02-05T22:08:28.097832, 82
7777, 3, 2119-03-06T22:08:28.097832, 2, 2119-02-05T22:08:28.097832, 82
7777, 3, 2119-03-06T22:08:28.097832, 2, 2119-02-05T22:08:28.097832, 82
7777, 3, 2119-03-06T22:08:28.097832, 2, 2119-02-05T22:08:28.097832, 82
7777, 3, 2119-03-06T22:08:28.097832, 2, 2119-02-05T22:08:28.097832, 82
7777, 3, 2119-03-06T22:08:28.097832, 2, 2119-02-05T22:08:28.097832, 82
7777, 3, 2119-03-06T22:08:28.097832, 2, 2119-02-05T22:08:28.097832, 82
7777, 3, 2119-03-06T22:08:28.097832, 2, 2119-02-05T22:08:28.097832, 82
7777, 3, 2119-03-06T22:08:28.097832, 2, 2119-02-05T22:08:28.097832, 82
7777, 3, 2119-03-06T22:08:28.097832, 2, 2119-02-05T22:08:28.097832, 82
7777, 3, 2119-03-06T22:08:28.097832, 2, 2119-02-05T22:08:28.097832, 82
7777, 3, 2119-03-06T22:08:28.097832, 2, 2119-02-05T22:08:28.097832, 82
7777, 3, 2119-03-06T22:08:28.097832, 2, 2119-02-05T22:08:28.097832, 82
7777, 3, 2119-03-06T22:08:28.097832, 2, 2119-02-05T22:08:28.097832, 82
7777, 3, 2119-03-06T22:08:28.097832, 2, 2119-02-05T22:08:28.097832, 82
7777, 3, 2119-03-06T22:08:28.097832, 2, 2119-02-05T22:08:28.097832, 82
7777, 3, 2119-03-06T22:08:28.097832, 2, 2119-02-05T22:08:28.097832, 82
7777, 3, 2119-03-06T22:08:28.097832, 2, 2119-02-05T22:08:28.097832, 82
7777, 3, 2119-03-06T22:08:28.097832, 2, 2119-02-05T22:08:28.097832, 82
7777, 3, 2119-03-06T22:08:28.097832, 2, 2119-02-05T22:08:28.097832, 82
7777, 3, 2119-03-06T22:08:28.097832, 2, 2119-02-05T22:08:28.097832, 82
7777, 3, 2119-03-06T22:08:28.097832, 2, 2119-02-05T22:08:28.097832, 82
7777, 3, 2119-03-06T22:08:28.097832, 2, 2119-02-05T22:08:28.097832, 82
7777, 3, 2119-03-06T22:08:28.097832, 2, 2119-02-05T22:08:28.097832, 82
7777, 3, 2119-03-06T22:08:28.097832, 2, 2119-02-05T22:08:28.097832, 82
7777, 3, 2119-03-06T22:08:28.097832, 2, 2119-02-05T22:08:28.097832, 82
7777, 3, 2119-03-06T22:08:28.097832, 2, 2119-02-05T22:08:28.097832, 82
7777, 3, 2119-03-06T22:08:28.097832, 2, 2119-02-05T22:08:28.097832, 82
7777, 3, 2119-03-06T22:08:28.097832, 2, 2119-02-05T22:08:28.097832, 82
7777, 3, 2119-03-06T22:08:28.097832, 2, 2119-02-05T22:08:28.097832, 82
7777, 3, 2119-03-06T22:08:28.097832, 2, 2119-02-05T22:08:28.097832, 82
7777, 3, 2119-03-06T22:08:28.097832, 2, 2119-02-05T22:08:28.097832, 82
7777, 3, 2119-03-06T22:08:28.097832, 2, 2119-02-05T22:08:28.097832, 82
7777, 3, 2119-03-06T22:08:28.097832, 2, 2119-02-05T22:08:28.097832, 82
7777, 3, 2119-03-06T22:08:28.097832, 2, 2119-02-05T22:08:28.097832, 82
7777, 3, 2119-03-06T22:08:28.097832, 2, 2119-02-05T22:08:28.097832, 82
7777, 3, 2119-03-06T22:08:28.097832, 2, 2119-02-05T22:08:28.097832, 82
7777, 3, 2119-03-06T22:08:28.097832, 2, 2119-02-05T22:08:28.097832, 82
7777, 3, 2119-03-06T22:08:28.097832, 2, 2119-02-05T22:08:28.097832, 82
7777, 3, 2119-03-06T22:08:28.097832, 2, 2119-02-05T22:08:28.097832, 82
7777, 3, 2119-03-06T22:08:28.097832, 2, 2119-02-05T22:08:28.097832, 82
7777, 3, 2119-03-06T22:08:28.097832, 2, 2119-02-05T22:08:28.097832, 82
7777, 3, 2119-03-06T22:08:28.097832, 2, 2119-02-05T22:08:28.097832, 82
7777, 3, 2119-03-06T22:08:28.097832, 2, 2119-02-05T22:08:28.097832, 82
7777, 3, 2119-03-06T22:08:28.097832, 2, 2119-02-05T22:08:28.097832, 82
7777, 3, 2119-03-06T22:08:28.097832, 2, 2119-02-05T22:08:28.097832, 82
7777, 3, 2119-03-06T22:08:28.097832, 2, 2119-02-05T22:08:28.097832, 82
7777, 3, 2119-03-06T22:08:28.097832, 2, 2119-02-05T22:08:28.097832, 82
7777, 3, 2119-03-06T22:08:28.097832, 2, 2119-02-05T22:08:28.097832, 82
7777, 3, 2119-03-06T22:08:28.097832, 2, 2119-02-05T22:08:28.097832, 82
7777, 3, 2119-03-06T22:08:28.097832, 2, 2119-02-05T22:08:28.097832, 82
7777, 3, 2119-03-06T22:08:28.097832, 2, 2119-02-05T22:08:28.097832, 82
7777, 3, 2119-03-06T22:08:28.097832, 2, 2119-02-05T22:08:28.097832, 82
7777, 3, 2119-03-06T22:08:28.097832, 2, 2119-02-05T22:08:28.097832, 82
7777, 3, 2119-03-06T22:08:28.097832, 2, 2119-02-05T22:08:28.097832, 82
7777, 3, 2119-03-06T22:08:28.097832, 2, 2119-02-05T22:08:28.097832, 82
7777, 3, 2119-03-06T22:08:28.097832, 2, 2119-02-05T22:08:28.097832, 82
7777, 3, 2119-03-06T22:08:28.097832, 2, 2119-02-05T22:08:28.097832, 82
7777, 3, 2119-03-06T22:08:28.097832, 2, 2119-02-05T22:08:28.097832, 82
7777, 3, 2119-03-06T22:08:28.097832, 2, 2119-02-05T22:08:28.097832, 82
7777, 3, 2119-03-06T22:08:28.097832, 2, 2119-02-05T22:08:28.097832, 82
7777, 3, 2119-03-06T22:08:28.097832, 2, 2119-02-05T22:08:28.097832, 82
7777, 3, 2119-03-06T22:08:28.097832, 2, 2119-02-05T22:08:28.097832, 82
7777, 3, 2119-03-06T22:08:28.097832, 2, 2119-02-05T22:08:28.097832, 82
7777, 3, 2119-03-06T22:08:28.097832, 2, 2119-02-05T22:08:28.097832, 82
7777, 3, 2119-03-06T22:08:28.097832, 2, 2119-02-05T22:08:28.097832, 82
7777, 3, 2119-03-06T22:08:28.097832, 2, 2119-02-05T22:08:28.097832, 82
7777, 3, 2119-03-06T22:08:28.097832, 2, 2119-02-05T22:08:28.097832, 82
7777, 3, 2119-03-06T22:08:28.097832, 2, 2119-02-05T22:08:28.097832, 82
7777, 3, 2119-03-06T22:08:28.097832, 2, 2119-02-05T22:08:28.097832, 82
7777, 3, 2119-03-06T22:08:28.097832, 2, 2119-02-05T22:08:28.097832, 82
7777, 3, 2119-03-06T22:08:28.097832, 2, 2119-02-05T22:08:28.097832, 82
7777, 3, 2119-03-06T22:08:28.097832, 2, 2119-02-05T22:08:28.097832, 82
7777, 3, 2119-03-06T22:08:28.097832, 2, 2119-02-05T22:08:28.097832, 82
7777, 3, 2119-03-06T22:08:28.097832, 2, 2119-02-05T22:08:28.097832, 82
7777, 3, 2119-03-06T22:08:28.097832, 2, 2119-02-05T22:08:28.097832, 82
7777, 3, 2119-03-06T22:08:28.097832, 2, 2119-02-05T22:08:28.097832, 82
7777, 3, 2119-03-06T22:08:28.097832, 2, 2119-02-05T22:08:28.097832, 82
7777, 3, 2119-03-06T22:08:28.097832, 2, 2119-02-05T22:08:28.097832, 82
7777, 3, 2119-03-06T22:08:28.097832, 2, 2119-02-05T22:08:28.097832, 82
7777, 3, 2119-03-06T22:08:28.097832, 2, 2119-02-05T22:08:28.097832, 82
7777, 3, 2119-03-06T22:08:28.097832, 2, 2119-02-05T22:08:28.097832, 82
7777, 3, 2119-03-06T22:08:28.097832, 2, 2119-02-05T22:08:28.097832, 82
7777, 3, 2119-03-06T22:08:28.097832, 2, 2119-02-05T22:08:28.097832, 82
7777, 3, 2119-03-06T22:08:28.097832, 2, 2119-02-05T22:08:28.097832, 82
7777, 3, 2119-03-06T22:08:28.097832, 2, 2119-02-05T22:08:28.097832, 82
7777, 3, 2119-03-06T22:08:28.097832, 2, 2119-02-05T22:08:28.097832, 82
7777, 3, 2119-03-06T22:08:28.097832, 2, 2119-02-05T22:08:28.097832, 82
7777, 3, 2119-03-06T22:08:28.097832, 2, 2119-02-05T22:08:28.097832, 82
7777, 3, 2119-03-06T22:08:28.097832, 2, 2119-02-05T22:08:28.097832, 82
7777, 3, 2119-03-06T22:08:28.097832, 2, 2119-02-05T22:08:28.097832, 82
7777, 3, 2119-03-06T22:08:28.097832, 2, 2119-02-05T22:08:28.097832, 82
7777, 3, 2119-03-06T22:08:28.097832, 2, 2119-02-05T22:08:28.097832, 82
7777, 3, 2119-03-06T22:08:28.097832, 2, 2119-02-05T22:08:28.097832, 82
7777, 3, 2119-03-06T22:08:28.097832, 2, 2119-02-05T22:08:28.097832, 82
7777, 3, 2119-03-06T22:08:28.097832, 2, 2119-02-05T22:08:28.097832, 82
7777, 3, 2119-03-06T22:08:28.097832, 2, 2119-02-05T22:08:28.097832, 82
7777, 3, 2119-03-06T22:08:28.097832, 2, 2119-02-05T22:08:28.097832, 82
7777, 3, 2119-03-06T22:08:28.097832, 2, 2119-02-05T22:08:28.097832, 82
7777, 3, 2119-03-06T22:08:28.097832, 2, 2119-02-05T22:08:28.097832, 82
7777, 3, 2119-03-06T22:08:28.097832, 2, 2119-02-05T22:08:28.097832, 82
7777, 3, 2119-03-06T22:08:28.097832, 2, 2119-02-05T22:08:28.097832, 82
7777, 3, 2119-03-06T22:08:28.097832, 2, 2119-02-05T22:08:28.097832, 82
7777, 3, 2119-03-06T22:08:28.097832, 2, 2119-02-05T22:08:28.097832, 82
7777, 3, 2119-03-06T22:08:28.097832, 2, 2119-02-05T22:08:28.097832, 82
7777, 3, 2119-03-06T22:08:28.097832, 2, 2119-02-05T22:08:28.097832, 82
7777, 3, 2119-03-06T22:08:28.097832, 2, 2119-02-05T22:08:28.097832, 82
7777, 3, 2119-03-06T22:08:28.097832, 2, 2119-02-05T22:08:28.097832, 82
7777, 3, 2119-03-06T22:08:28.097832, 2, 2119-02-05T22:08:28.097832, 82
7777, 3, 2119-03-06T22:08:28.097832, 2, 2119-02-05T22:08:28.097832, 82
7777, 3, 2119-03-06T22:08:28.097832, 2, 2119-02-05T22:08:28.097832, 82
7777, 3, 2119-03-06T22:08:28.097832, 2, 2119-02-05T22:08:28.097832, 82
7777, 3, 2119-03-06T22:08:28.097832, 2, 2119-02-05T22:08:28.097832, 82
7777, 3, 2119-03-06T22:08:28.097832, 2, 2119-02-05T22:08:28.097832, 82
7777, 3, 2119-03-06T22:08:28.097832, 2, 2119-02-05T22:08:28.097832, 82
7777, 3, 2119-03-06T22:08:28.097832, 2, 2119-02-05T22:08:28.097832, 82
7777, 3, 2119-03-06T22:08:28.097832, 2, 2119-02-05T22:08:28.097832, 82
7777, 3, 2119-03-06T22:08:28.097832, 2, 2119-02-05T22:08:28.097832, 82
7777, 3, 2119-03-06T22:08:28.097832, 2, 2119-02-05T22:08:28.097832, 82
7777, 3, 2119-03-06T22:08:28.097832, 2, 2119-02-05T22:08:28.097832, 82
7777, 3, 2119-03-06T22:08:28.097832, 2, 2119-02-05T22:08:28.097832, 82
7777, 3, 2119-03-06T22:08:28.097832, 2, 2119-02-05T22:08:28.097832, 82
7777, 3, 2119-03-06T22:08:28.097832, 2, 2119-02-05T22:08:28.097832, 82
7777, 3, 2119-03-06T22:08:28.097832, 2, 2119-02-05T22:08:28.097832, 82
7777, 3, 2119-03-06T22:08:28.097832, 2, 2119-02-05T22:08:28.097832, 82
7777, 3, 2119-03-06T22:08:28.097832, 2, 2119-02-05T22:08:28.097832, 82
7777, 3, 2119-03-06T22:08:28.097832, 2, 2119-02-05T22:08:28.097832, 82
7777, 3, 2119-03-06T22:08:28.097832, 2, 2119-02-05T22:08:28.097832, 82
7777, 3, 2119-03-06T22:08:28.097832, 2, 2119-02-05T22:08:28.097832, 82
7777, 3, 2119-03-06T22:08:28.097832, 2, 2119-02-05T22:08:28.097832, 82
7777, 3, 2119-03-06T22:08:28.097832, 2, 2119-02-05T22:08:28.097832, 82
7777, 3, 2119-03-06T22:08:28.097832, 2, 2119-02-05T22:08:28.097832, 82
7777, 3, 2119-03-06T22:08:28.097832, 2, 2119-02-05T22:08:28.097832, 82
7777, 3, 2119-03-06T22:08:28.097832, 2, 2119-02-05T22:08:28.097832, 82
7777, 3, 2119-03-06T22:08:28.097832, 2, 2119-02-05T22:08:28.097832, 82
7777, 3, 2119-03-06T22:08:28.097832, 2, 2119-02-05T22:08:28.097832, 82
7777, 3, 2119-03-06T22:08:28.097832, 2, 2119-02-05T22:08:28.097832, 82
7777, 3, 2119-03-06T22:08:28.097832, 2, 2119-02-05T22:08:28.097832, 82
7777, 3, 2119-03-06T22:08:28.097832, 2, 2119-02-05T22:08:28.097832, 82
7777, 3, 2119-03-06T22:08:28.097832, 2, 2119-02-05T22:08:28.097832, 82
7777, 3, 2119-03-06T22:08:28.097832, 2, 2119-02-05T22:08:28.097832, 82
7777, 3, 2119-03-06T22:08:28.097832, 2, 2119-02-05T22:08:28.097832, 82
7777, 3, 2119-03-06T22:08:28.097832, 2, 2119-02-05T22:08:28.097832, 82
7777, 3, 2119-03-06T22:08:28.097832, 2, 2119-02-05T22:08:28.097832, 82
7777, 3, 2119-03-06T22:08:28.097832, 2, 2119-02-05T22:08:28.097832, 82
7777, 3, 2119-03-06T22:08:28.097832, 2, 2119-02-05T22:08:28.097832, 82
7777, 3, 2119-03-06T22:08:28.097832, 2, 2119-02-05T22:08:28.097832, 82
7777, 3, 2119-03-06T22:08:28.097832, 2, 2119-02-05T22:08:28.097832, 82
7777, 3, 2119-03-06T22:08:28.097832, 2, 2119-02-05T22:08:28.097832, 82
7777, 3, 2119-03-06T22:08:28.097832, 2, 2119-02-05T22:08:28.097832, 82
7777, 3, 2119-03-06T22:08:28.097832, 2, 2119-02-05T22:08:28.097832, 82
7777, 3, 2119-03-06T22:08:28.097832, 2, 2119-02-05T22:08:28.097832, 82
7777, 3, 2119-03-06T22:08:28.097832, 2, 2119-02-05T22:08:28.097832, 82
7777, 3, 2119-03-06T22:08:28.097832, 2, 2119-02-05T22:08:28.097832, 82
7777, 3, 2119-03-06T22:08:28.097832, 2, 2119-02-05T22:08:28.097832, 82
7777, 3, 2119-03-06T22:08:28.097832, 2, 2119-02-05T22:08:28.097832, 82
7777, 3, 2119-03-06T22:08:28.097832, 2, 2119-02-05T22:08:28.097832, 82
7777, 3, 2119-03-06T22:08:28.097832, 2, 2119-02-05T22:08:28.097832, 82
7777, 3, 2119-03-06T22:08:28.097832, 2, 2119-02-05T22:08:28.097832, 82
7777, 3, 2119-03-06T22:08:28.097832, 2, 2119-02-05T22:08:28.097832, 82
7777, 3, 2119-03-06T22:08:28.097832, 2, 2119-02-05T22:08:28.097832, 82
7777, 3, 2119-03-06T22:08:28.097832, 2, 2119-02-05T22:08:28.097832, 82
7777, 3, 2119-03-06T22:08:28.097832, 2, 2119-02-05T22:08:28.097832, 82
7777, 3, 2119-03-06T22:08:28.097832, 2, 2119-02-05T22:08:28.097832, 82
7777, 3, 2119-03-06T22:08:28.097832, 2, 2119-02-05T22:08:28.097832, 82
7777, 3, 2119-03-06T22:08:28.097832, 2, 2119-02-05T22:08:28.097832, 82
7777, 3, 2119-03-06T22:08:28.097832, 2, 2119-02-05T22:08:28.097832, 82
7777, 3, 2119-03-06T22:08:28.097832, 2, 2119-02-05T22:08:28.097832, 82
7777, 3, 2119-03-06T22:08:28.097832, 2, 2119-02-05T22:08:28.097832, 82
7777, 3, 2119-03-06T22:08:28.097832, 2, 2119-02-05T22:08:28.097832, 82
7777, 3, 2119-03-06T22:08:28.097832, 2, 2119-02-05T22:08:28.097832, 82
7777, 3, 2119-03-06T22:08:28.097832, 2, 2119-02-05T22:08:28.097832, 82
7777, 3, 2119-03-06T22:08:28.097832, 2, 2119-02-05T22:08:28.097832, 82
7777, 3, 2119-03-06T22:08:28.097832, 2, 2119-02-05T22:08:28.097832, 82
7777, 3, 2119-03-06T22:08:28.097832, 2, 2119-02-05T22:08:28.097832, 82
7777, 3, 2119-03-06T22:08:28.097832, 2, 2119-02-05T22:08:28.097832, 82
7777, 3, 2119-03-06T22:08:28.097832, 2, 2119-02-05T22:08:28.097832, 82
7777, 3, 2119-03-06T22:08:28.097832, 2, 2119-02-05T22:08:28.097832, 82
7777, 3, 2119-03-06T22:08:28.097832, 2, 2119-02-05T22:08:28.097832, 82
7777, 3, 2119-03-06T22:08:28.097832, 2, 2119-02-05T22:08:28.097832, 82
7777, 3, 2119-03-06T22:08:28.097832, 2, 2119-02-05T22:08:28.097832, 82
7777, 3, 2119-03-06T22:08:28.097832, 2, 2119-02-05T22:08:28.097832, 82
7777, 3, 2119-03-06T22:08:28.097832, 2, 2119-02-05T22:08:28.097832, 82
7777, 3, 2119-03-06T22:08:28.097832, 2, 2119-02-05T22:08:28.097832, 82
7777, 3, 2119-03-06T22:08:28.097832, 2, 2119-02-05T22:08:28.097832, 82
7777, 3, 2119-03-06T22:08:28.097832, 2, 2119-02-05T22:08:28.097832, 82
7777, 3, 2119-03-06T22:08:28.097832, 2, 2119-02-05T22:08:28.097832, 82
7777, 3, 2119-03-06T22:08:28.097832, 2, 2119-02-05T22:08:28.097832, 82
7777, 3, 2119-03-06T22:08:28.097832, 2, 2119-02-05T22:08:28.097832, 82
7777, 3, 2119-03-06T22:08:28.097832, 2, 2119-02-05T22:08:28.097832, 82
7777, 3, 2119-03-06T22:08:28.097832, 2, 2119-02-05T22:08:28.097832, 82
7777, 3, 2119-03-06T22:08:28.097832, 2, 2119-02-05T22:08:28.097832, 82
7777, 3, 2119-03-06T22:08:28.097832, 2, 2119-02-05T22:08:28.097832, 82
7777, 3, 2119-03-06T22:08:28.097832, 2, 2119-02-05T22:08:28.097832, 82
7777, 3, 2119-03-06T22:08:28.097832, 2, 2119-02-05T22:08:28.097832, 82
7777, 3, 2119-03-06T22:08:28.097832, 2, 2119-02-05T22:08:28.097832, 82
7777, 3, 2119-03-06T22:08:28.097832, 2, 2119-02-05T22:08:28.097832, 82
7777, 3, 2119-03-06T22:08:28.097832, 2, 2119-02-05T22:08:28.097832, 82
7777, 3, 2119-03-06T22:08:28.097832, 2, 2119-02-05T22:08:28.097832, 82
7777, 3, 2119-03-06T22:08:28.097832, 2, 2119-02-05T22:08:28.097832, 82
7777, 3, 2119-03-06T22:08:28.097832, 2, 2119-02-05T22:08:28.097832, 82
7777, 3, 2119-03-06T22:08:28.097832, 2, 2119-02-05T22:08:28.097832, 82
7777, 3, 2119-03-06T22:08:28.097832, 2, 2119-02-05T22:08:28.097832, 82
7777, 3, 2119-03-06T22:08:28.097832, 2, 2119-02-05T22:08:28.097832, 82
7777, 3, 2119-03-06T22:08:28.097832, 2, 2119-02-05T22:08:28.097832, 82
7777, 3, 2119-03-06T22:08:28.097832, 2, 2119-02-05T22:08:28.097832, 82
7777, 3, 2119-03-06T22:08:28.097832, 2, 2119-02-05T22:08:28.097832, 82
7777, 3, 2119-03-06T22:08:28.097832, 2, 2119-02-05T22:08:28.097832, 82
7777, 3, 2119-03-06T22:08:28.097832, 2, 2119-02-05T22:08:28.097832, 82
7777, 3, 2119-03-06T22:08:28.097832, 2, 2119-02-05T22:08:28.097832, 82
7777, 3, 2119-03-06T22:08:28.097832, 2, 2119-02-05T22:08:28.097832, 82
7777, 3, 2119-03-06T22:08:28.097832, 2, 2119-02-05T22:08:28.097832, 82
7777, 3, 2119-03-06T22:08:28.097832, 2, 2119-02-05T22:08:28.097832, 82
7777, 3, 2119-03-06T22:08:28.097832, 2, 2119-02-05T22:08:28.097832, 82
7777, 3, 2119-03-06T22:08:28.097832, 2, 2119-02-05T22:08:28.097832, 82
7777, 3, 2119-03-06T22:08:28.097832, 2, 2119-02-05T22:08:28.097832, 82
7777, 3, 2119-03-06T22:08:28.097832, 2, 2119-02-05T22:08:28.097832, 82
7777, 3, 2119-03-06T22:08:28.097832, 2, 2119-02-05T22:08:28.097832, 82
7777, 3, 2119-03-06T22:08:28.097832, 2, 2119-02-05T22:08:28.097832, 82
7777, 3, 2119-03-06T22:08:28.097832, 2, 2119-02-05T22:08:28.097832, 82
7777, 3, 2119-03-06T22:08:28.097832, 2, 2119-02-05T22:08:28.097832, 82
7777, 3, 2119-03-06T22:08:28.097832, 2, 2119-02-05T22:08:28.097832, 82
